postcode,locality
2000,BARANGAROO
2000,DARLING HARBOUR
2000,DAWES POINT
2000,HAYMARKET
2000,MILLERS POINT
2000,PARLIAMENT HOUSE
2000,SYDNEY
2000,SYDNEY SOUTH
2000,THE ROCKS
2001,SYDNEY
2002,WORLD SQUARE
2004,ALEXANDRIA MC
2004,EASTERN SUBURBS MC
2006,THE UNIVERSITY OF SYDNEY
2007,BROADWAY
2007,ULTIMO
2008,CHIPPENDALE
2008,DARLINGTON
2008,GOLDEN GROVE
2009,DARLING ISLAND
2009,PYRMONT
2010,DARLINGHURST
2010,SURRY HILLS
2010,TAYLOR SQUARE
2011,ELIZABETH BAY
2011,HMAS KUTTABUL
2011,KINGS CROSS
2011,POTTS POINT
2011,RUSHCUTTERS BAY
2011,WOOLLOOMOOLOO
2012,STRAWBERRY HILLS
2013,STRAWBERRY HILLS
2015,ALEXANDRIA
2015,BEACONSFIELD
2015,EVELEIGH
2016,REDFERN
2017,WATERLOO
2017,WATERLOO DC
2017,ZETLAND
2018,EASTLAKES
2018,ROSEBERY
2019,BANKSMEADOW
2019,BOTANY
2020,MASCOT
2020,SYDNEY DOMESTIC AIRPORT
2020,SYDNEY INTERNATIONAL AIRPORT
2021,CENTENNIAL PARK
2021,MOORE PARK
2021,PADDINGTON
2022,BONDI JUNCTION
2022,BONDI JUNCTION PLAZA
2022,QUEENS PARK
2023,BELLEVUE HILL
2024,BRONTE
2024,CHARING CROSS
2024,WAVERLEY
2025,WOOLLAHRA
2026,BEN BUCKLER
2026,BONDI
2026,BONDI BEACH
2026,NORTH BONDI
2026,TAMARAMA
2027,DARLING POINT
2027,EDGECLIFF
2027,HMAS RUSHCUTTERS
2027,POINT PIPER
2028,DOUBLE BAY
2029,ROSE BAY
2030,DIAMOND BAY
2030,DOVER HEIGHTS
2030,HMAS WATSON
2030,ROSE BAY NORTH
2030,VAUCLUSE
2030,WATSONS BAY
2031,CLOVELLY
2031,CLOVELLY WEST
2031,RANDWICK
2031,RANDWICK DC
2031,ST PAULS
2032,DACEYVILLE
2032,KINGSFORD
2033,KENSINGTON
2034,COOGEE
2034,SOUTH COOGEE
2035,MAROUBRA
2035,MAROUBRA SOUTH
2035,PAGEWOOD
2036,CHIFLEY
2036,EASTGARDENS
2036,HILLSDALE
2036,LA PEROUSE
2036,LITTLE BAY
2036,MALABAR
2036,MATRAVILLE
2036,PHILLIP BAY
2036,PORT BOTANY
2037,FOREST LODGE
2037,GLEBE
2038,ANNANDALE
2039,ROZELLE
2040,LEICHHARDT
2040,LILYFIELD
2041,BALMAIN
2041,BALMAIN EAST
2041,BIRCHGROVE
2042,ENMORE
2042,NEWTOWN
2043,ERSKINEVILLE
2044,ST PETERS
2044,ST PETERS DC
2044,SYDENHAM
2044,TEMPE
2045,HABERFIELD
2046,ABBOTSFORD
2046,CANADA BAY
2046,CHISWICK
2046,FIVE DOCK
2046,RODD POINT
2046,RUSSELL LEA
2046,WAREEMBA
2047,DRUMMOYNE
2048,STANMORE
2048,WESTGATE
2049,LEWISHAM
2049,PETERSHAM
2049,PETERSHAM NORTH
2050,CAMPERDOWN
2050,MISSENDEN ROAD
2052,UNSW SYDNEY
2055,NORTH SYDNEY
2057,CHATSWOOD
2058,NORTHERN SUBURBS MC
2059,NORTH SYDNEY
2060,HMAS PLATYPUS
2060,HMAS WATERHEN
2060,LAVENDER BAY
2060,MCMAHONS POINT
2060,NORTH SYDNEY
2060,NORTH SYDNEY SHOPPINGWORLD
2060,WAVERTON
2061,KIRRIBILLI
2061,MILSONS POINT
2062,CAMMERAY
2063,NORTHBRIDGE
2064,ARTARMON
2065,CROWS NEST
2065,CROWS NEST DC
2065,GORE HILL
2065,GREENWICH
2065,NAREMBURN
2065,ROYAL NORTH SHORE HOSPITAL
2065,ST LEONARDS
2065,WOLLSTONECRAFT
2066,LANE COVE
2066,LANE COVE NORTH
2066,LANE COVE WEST
2066,LINLEY POINT
2066,LONGUEVILLE
2066,NORTHWOOD
2066,OSBORNE PARK
2066,RIVERVIEW
2067,CHATSWOOD
2067,CHATSWOOD WEST
2068,CASTLECRAG
2068,MIDDLE COVE
2068,NORTH WILLOUGHBY
2068,WILLOUGHBY
2068,WILLOUGHBY EAST
2068,WILLOUGHBY NORTH
2069,CASTLE COVE
2069,ROSEVILLE
2069,ROSEVILLE CHASE
2070,EAST LINDFIELD
2070,LINDFIELD
2070,LINDFIELD WEST
2071,EAST KILLARA
2071,KILLARA
2072,GORDON
2073,PYMBLE
2073,WEST PYMBLE
2074,BOBBIN HEAD
2074,NORTH TURRAMURRA
2074,SOUTH TURRAMURRA
2074,TURRAMURRA
2074,WARRAWEE
2075,NORTH ST IVES
2075,ST IVES
2075,ST IVES CHASE
2076,NORMANHURST
2076,NORTH WAHROONGA
2076,WAHROONGA
2077,ASQUITH
2077,HORNSBY
2077,HORNSBY HEIGHTS
2077,WAITARA
2079,MOUNT COLAH
2080,MOUNT KURING-GAI
2081,BEROWRA
2081,COWAN
2082,BEROWRA CREEK
2082,BEROWRA HEIGHTS
2082,BEROWRA WATERS
2083,BAR POINT
2083,BROOKLYN
2083,CHEERO POINT
2083,COGRA BAY
2083,DANGAR ISLAND
2083,MILSONS PASSAGE
2083,MOONEY MOONEY
2084,AKUNA BAY
2084,COTTAGE POINT
2084,DUFFYS FOREST
2084,TERREY HILLS
2085,BELROSE
2085,BELROSE WEST
2085,DAVIDSON
2086,FRENCHS FOREST
2086,FRENCHS FOREST EAST
2087,FORESTVILLE
2087,KILLARNEY HEIGHTS
2088,MOSMAN
2088,SPIT JUNCTION
2089,KURRABA POINT
2089,NEUTRAL BAY
2089,NEUTRAL BAY JUNCTION
2090,CREMORNE
2090,CREMORNE JUNCTION
2090,CREMORNE POINT
2091,HMAS PENGUIN
2092,SEAFORTH
2093,BALGOWLAH
2093,BALGOWLAH HEIGHTS
2093,CLONTARF
2093,MANLY VALE
2093,NORTH BALGOWLAH
2094,FAIRLIGHT
2095,MANLY
2095,MANLY EAST
2096,CURL CURL
2096,FRESHWATER
2096,HARBORD
2096,QUEENSCLIFF
2097,COLLAROY
2097,COLLAROY BEACH
2097,COLLAROY PLATEAU
2097,COLLAROY PLATEAU WEST
2097,LONG REEF
2097,WHEELER HEIGHTS
2099,CROMER
2099,CROMER HEIGHTS
2099,DEE WHY
2099,DEE WHY BEACH
2099,NARRAWEENA
2099,NORTH CURL CURL
2099,WINGALA
2100,ALLAMBIE
2100,ALLAMBIE HEIGHTS
2100,BEACON HILL
2100,BROOKVALE
2100,NORTH MANLY
2100,OXFORD FALLS
2100,WARRINGAH MALL
2101,ELANORA HEIGHTS
2101,INGLESIDE
2101,NARRABEEN
2101,NARRABEEN PENINSULA
2101,NORTH NARRABEEN
2102,WARRIEWOOD
2102,WARRIEWOOD DC
2102,WARRIEWOOD SHOPPING SQUARE
2103,MONA VALE
2104,BAYVIEW
2105,CHURCH POINT
2105,ELVINA BAY
2105,LOVETT BAY
2105,MCCARRS CREEK
2105,MORNING BAY
2105,SCOTLAND ISLAND
2106,NEWPORT
2106,NEWPORT BEACH
2107,AVALON
2107,AVALON BEACH
2107,BILGOLA
2107,BILGOLA BEACH
2107,BILGOLA PLATEAU
2107,CAREEL BAY
2107,CLAREVILLE
2107,PARADISE BEACH
2107,TAYLORS POINT
2107,WHALE BEACH
2108,COASTERS RETREAT
2108,CURRAWONG BEACH
2108,GREAT MACKEREL BEACH
2108,MORNING BAY
2108,PALM BEACH
2108,THE BASIN
2109,MACQUARIE UNIVERSITY
2110,HUNTERS HILL
2110,HUNTERS HILL WEST
2110,WOOLWICH
2111,BORONIA PARK
2111,GLADESVILLE
2111,HENLEY
2111,HUNTLEYS COVE
2111,HUNTLEYS POINT
2111,MONASH PARK
2111,TENNYSON POINT
2112,DENISTONE EAST
2112,PUTNEY
2112,RYDE
2113,BLENHEIM ROAD
2113,EAST RYDE
2113,MACQUARIE CENTRE
2113,MACQUARIE PARK
2113,NORTH RYDE
2114,DENISTONE
2114,DENISTONE WEST
2114,MEADOWBANK
2114,MELROSE PARK
2114,WEST RYDE
2115,ERMINGTON
2116,RYDALMERE
2117,DUNDAS
2117,DUNDAS VALLEY
2117,OATLANDS
2117,TELOPEA
2118,CARLINGFORD
2118,CARLINGFORD COURT
2118,CARLINGFORD NORTH
2118,KINGSDENE
2119,BEECROFT
2119,CHELTENHAM
2120,PENNANT HILLS
2120,THORNLEIGH
2120,WESTLEIGH
2121,EPPING
2121,NORTH EPPING
2122,EASTWOOD
2122,MARSFIELD
2125,WEST PENNANT HILLS
2126,CHERRYBROOK
2127,HOMEBUSH BAY
2127,NEWINGTON
2127,SYDNEY OLYMPIC PARK
2127,WENTWORTH POINT
2128,SILVERWATER
2129,SYDNEY MARKETS
2130,SUMMER HILL
2131,ASHFIELD
2132,CROYDON
2133,CROYDON PARK
2133,ENFIELD SOUTH
2134,BURWOOD
2134,BURWOOD NORTH
2135,STRATHFIELD
2136,BURWOOD HEIGHTS
2136,ENFIELD
2136,STRATHFIELD SOUTH
2137,BREAKFAST POINT
2137,CABARITA
2137,CONCORD
2137,MORTLAKE
2137,NORTH STRATHFIELD
2138,CONCORD WEST
2138,CONCORD WEST DC
2138,LIBERTY GROVE
2138,RHODES
2139,CONCORD REPATRIATION HOSPITAL
2140,HOMEBUSH
2140,HOMEBUSH SOUTH
2140,HOMEBUSH WEST
2141,BERALA
2141,LIDCOMBE
2141,LIDCOMBE NORTH
2141,ROOKWOOD
2142,BLAXCELL
2142,CAMELLIA
2142,CLYDE
2142,GRANVILLE
2142,HOLROYD
2142,ROSEHILL
2142,SOUTH GRANVILLE
2143,BIRRONG
2143,POTTS HILL
2143,REGENTS PARK
2143,REGENTS PARK DC
2144,AUBURN
2144,AUBURN SOUTH
2145,CONSTITUTION HILL
2145,GIRRAWEEN
2145,GREYSTANES
2145,MAYS HILL
2145,PEMULWUY
2145,PENDLE HILL
2145,SOUTH WENTWORTHVILLE
2145,WENTWORTHVILLE
2145,WESTMEAD
2146,OLD TOONGABBIE
2146,TOONGABBIE
2146,TOONGABBIE EAST
2147,KINGS LANGLEY
2147,LALOR PARK
2147,SEVEN HILLS
2147,SEVEN HILLS WEST
2148,ARNDELL PARK
2148,BLACKTOWN
2148,BLACKTOWN WESTPOINT
2148,HUNTINGWOOD
2148,KINGS PARK
2148,MARAYONG
2148,PROSPECT
2150,HARRIS PARK
2150,PARRAMATTA
2150,PARRAMATTA WESTFIELD
2151,NORTH PARRAMATTA
2151,NORTH ROCKS
2152,NORTHMEAD
2153,BAULKHAM HILLS
2153,BELLA VISTA
2153,CRESTWOOD
2153,NORWEST
2153,WINSTON HILLS
2154,CASTLE HILL
2155,BEAUMONT HILLS
2155,KELLYVILLE
2155,KELLYVILLE RIDGE
2155,NORTH KELLYVILLE
2155,ROUSE HILL
2156,ANNANGROVE
2156,GLENHAVEN
2156,KENTHURST
2157,CANOELANDS
2157,FOREST GLEN
2157,GLENORIE
2157,HILLSIDE
2158,DURAL
2158,DURAL DC
2158,MIDDLE DURAL
2158,ROUND CORNER
2159,ARCADIA
2159,BERRILEE
2159,FIDDLETOWN
2159,GALSTON
2160,MERRYLANDS
2160,MERRYLANDS WEST
2161,GUILDFORD
2161,GUILDFORD WEST
2161,OLD GUILDFORD
2161,YENNORA
2162,CHESTER HILL
2162,SEFTON
2163,CARRAMAR
2163,LANSDOWNE
2163,VILLAWOOD
2164,SMITHFIELD
2164,SMITHFIELD WEST
2164,WETHERILL PARK
2164,WETHERILL PARK BC
2164,WOODPARK
2165,FAIRFIELD
2165,FAIRFIELD EAST
2165,FAIRFIELD HEIGHTS
2165,FAIRFIELD WEST
2166,CABRAMATTA
2166,CABRAMATTA WEST
2166,CANLEY HEIGHTS
2166,CANLEY VALE
2166,LANSVALE
2167,GLENFIELD
2168,ASHCROFT
2168,BUSBY
2168,CARTWRIGHT
2168,GREEN VALLEY
2168,HECKENBERG
2168,HINCHINBROOK
2168,MILLER
2168,SADLEIR
2170,CASULA
2170,CASULA MALL
2170,CHIPPING NORTON
2170,HAMMONDVILLE
2170,LIVERPOOL
2170,LIVERPOOL SOUTH
2170,LIVERPOOL WESTFIELD
2170,LURNEA
2170,MOOREBANK
2170,MOUNT PRITCHARD
2170,PRESTONS
2170,WARWICK FARM
2171,CARNES HILL
2171,CECIL HILLS
2171,ELIZABETH HILLS
2171,HORNINGSEA PARK
2171,HOXTON PARK
2171,LEN WATERS ESTATE
2171,MIDDLETON GRANGE
2171,WEST HOXTON
2172,PLEASURE POINT
2172,SANDY POINT
2172,VOYAGER POINT
2173,HOLSWORTHY
2173,WATTLE GROVE
2174,EDMONDSON PARK
2174,INGLEBURN MILPO
2175,HORSLEY PARK
2176,ABBOTSBURY
2176,BOSSLEY PARK
2176,EDENSOR PARK
2176,GREENFIELD PARK
2176,PRAIRIEWOOD
2176,ST JOHNS PARK
2176,WAKELEY
2177,BONNYRIGG
2177,BONNYRIGG HEIGHTS
2177,WENTWORTH PORT
2178,CECIL PARK
2178,KEMPS CREEK
2178,MOUNT VERNON
2179,AUSTRAL
2179,LEPPINGTON
2190,CHULLORA
2190,GREENACRE
2190,MOUNT LEWIS
2191,BELFIELD
2192,BELMORE
2193,ASHBURY
2193,CANTERBURY
2193,HURLSTONE PARK
2194,CAMPSIE
2195,LAKEMBA
2195,LAKEMBA DC
2195,WILEY PARK
2196,PUNCHBOWL
2196,ROSELANDS
2197,BASS HILL
2198,GEORGES HALL
2199,YAGOONA
2199,YAGOONA WEST
2200,BANKSTOWN
2200,BANKSTOWN AERODROME
2200,BANKSTOWN AIRPORT
2200,BANKSTOWN NORTH
2200,BANKSTOWN SQUARE
2200,CONDELL PARK
2200,MANAHAN
2200,MOUNT LEWIS
2203,DULWICH HILL
2204,MARRICKVILLE
2204,MARRICKVILLE METRO
2204,MARRICKVILLE SOUTH
2205,ARNCLIFFE
2205,TURRELLA
2205,WOLLI CREEK
2206,CLEMTON PARK
2206,EARLWOOD
2206,UNDERCLIFFE
2207,BARDWELL PARK
2207,BARDWELL VALLEY
2207,BEXLEY
2207,BEXLEY NORTH
2207,BEXLEY SOUTH
2208,KINGSGROVE
2208,KINGSGROVE DC
2208,KINGSWAY WEST
2209,BEVERLY HILLS
2209,NARWEE
2210,LUGARNO
2210,PEAKHURST
2210,PEAKHURST DC
2210,PEAKHURST HEIGHTS
2210,RIVERWOOD
2211,PADSTOW
2211,PADSTOW HEIGHTS
2212,REVESBY
2212,REVESBY HEIGHTS
2212,REVESBY NORTH
2213,EAST HILLS
2213,PANANIA
2213,PICNIC POINT
2214,MILPERRA
2216,BANKSIA
2216,BRIGHTON LE SANDS
2216,BRIGHTON-LE-SANDS
2216,KYEEMAGH
2216,ROCKDALE
2216,ROCKDALE DC
2217,BEVERLEY PARK
2217,KOGARAH
2217,KOGARAH BAY
2217,MONTEREY
2217,RAMSGATE
2217,RAMSGATE BEACH
2218,ALLAWAH
2218,CARLTON
2219,DOLLS POINT
2219,SANDRINGHAM
2219,SANS SOUCI
2220,HURSTVILLE
2220,HURSTVILLE GROVE
2220,HURSTVILLE WESTFIELD
2221,BLAKEHURST
2221,CARSS PARK
2221,CONNELLS POINT
2221,KYLE BAY
2221,SOUTH HURSTVILLE
2222,PENSHURST
2223,MORTDALE
2223,OATLEY
2224,KANGAROO POINT
2224,SYLVANIA
2224,SYLVANIA SOUTHGATE
2224,SYLVANIA WATERS
2225,CARAVAN HEAD
2225,OYSTER BAY
2226,BONNET BAY
2226,COMO
2226,JANNALI
2227,GYMEA
2227,GYMEA BAY
2228,MIRANDA
2228,YOWIE BAY
2229,CARINGBAH
2229,CARINGBAH SOUTH
2229,DOLANS BAY
2229,LILLI PILLI
2229,PORT HACKING
2229,TAREN POINT
2229,WARUMBUL
2230,BUNDEENA
2230,BURRANEER
2230,CRONULLA
2230,GREENHILLS BEACH
2230,MAIANBAR
2230,WOOLOOWARE
2231,KURNELL
2232,AUDLEY
2232,BONNIE VALE
2232,GARIE
2232,GOARRA
2232,GRAYS POINT
2232,JIBBON
2232,KAREELA
2232,KIRRAWEE
2232,KIRRAWEE DC
2232,LOFTUS
2232,MARLEY
2232,PALONA
2232,SUTHERLAND
2232,ULOOLA
2232,WARUMBUL
2232,WATTAMOLLA
2232,WORONORA
2232,YENABILLI
2233,ENGADINE
2233,HEATHCOTE
2233,WATERFALL
2233,WORONORA HEIGHTS
2233,YARRAWARRAH
2234,ALFORDS POINT
2234,BANGOR
2234,BARDEN RIDGE
2234,ILLAWONG
2234,LUCAS HEIGHTS
2234,MENAI
2234,MENAI CENTRAL
2250,BUCKETTY
2250,CALGA
2250,CENTRAL MANGROVE
2250,DONOVANS FOREST
2250,EAST GOSFORD
2250,ERINA
2250,ERINA FAIR
2250,GLENWORTH VALLEY
2250,GOSFORD
2250,GOSFORD WEST
2250,GREENGROVE
2250,HOLGATE
2250,KARIONG
2250,KULNURA
2250,LISAROW
2250,LOWER MANGROVE
2250,MANGROVE CREEK
2250,MANGROVE MOUNTAIN
2250,MATCHAM
2250,MOONEY MOONEY CREEK
2250,MOUNT ELLIOT
2250,MOUNT WHITE
2250,NARARA
2250,NIAGARA PARK
2250,NORTH GOSFORD
2250,PEATS RIDGE
2250,POINT CLARE
2250,POINT FREDERICK
2250,SOMERSBY
2250,SPRINGFIELD
2250,TASCOTT
2250,TEN MILE HOLLOW
2250,UPPER MANGROVE
2250,WENDOREE PARK
2250,WEST GOSFORD
2250,WYOMING
2251,AVOCA BEACH
2251,BENSVILLE
2251,BOUDDI
2251,COPACABANA
2251,DAVISTOWN
2251,GREEN POINT
2251,KINCUMBER
2251,KINCUMBER SOUTH
2251,MACMASTERS BEACH
2251,PICKETTS VALLEY
2251,SARATOGA
2251,YATTALUNGA
2252,CENTRAL COAST MC
2256,BLACKWALL
2256,HORSFIELD BAY
2256,KOOLEWONG
2256,LITTLE WOBBY
2256,PATONGA
2256,PEARL BEACH
2256,PHEGANS BAY
2256,WONDABYNE
2256,WOY WOY
2256,WOY WOY BAY
2257,BOOKER BAY
2257,BOX HEAD
2257,DALEYS POINT
2257,EMPIRE BAY
2257,ETTALONG BEACH
2257,HARDYS BAY
2257,KILLCARE
2257,KILLCARE HEIGHTS
2257,PRETTY BEACH
2257,ST HUBERTS ISLAND
2257,UMINA BEACH
2257,WAGSTAFFE
2258,FOUNTAINDALE
2258,KANGY ANGY
2258,OURIMBAH
2258,PALM GROVE
2258,PALMDALE
2259,ALISON
2259,BUSHELLS RIDGE
2259,CEDAR BRUSH CREEK
2259,CHAIN VALLEY BAY
2259,CRANGAN BAY
2259,DOORALONG
2259,DURREN DURREN
2259,FRAZER PARK
2259,FREEMANS
2259,GWANDALAN
2259,HALLORAN
2259,HAMLYN TERRACE
2259,JILLIBY
2259,KANWAL
2259,KIAR
2259,KINGFISHER SHORES
2259,LAKE MUNMORAH
2259,LEMON TREE
2259,LITTLE JILLIBY
2259,MANNERING PARK
2259,MARDI
2259,MOONEE
2259,POINT WOLSTONCROFT
2259,RAVENSDALE
2259,ROCKY POINT
2259,SOUTH TACOMA
2259,SUMMERLAND POINT
2259,TACOMA
2259,TACOMA SOUTH
2259,TUGGERAH
2259,TUGGERAWONG
2259,WADALBA
2259,WALLARAH
2259,WARNERVALE
2259,WATANOBBI
2259,WOONGARRAH
2259,WYBUNG
2259,WYEE
2259,WYEE POINT
2259,WYONG
2259,WYONG CREEK
2259,WYONGAH
2259,YARRAMALONG
2260,ERINA HEIGHTS
2260,FORRESTERS BEACH
2260,NORTH AVOCA
2260,TERRIGAL
2260,WAMBERAL
2261,BATEAU BAY
2261,BAY VILLAGE
2261,BERKELEY VALE
2261,BLUE BAY
2261,CHITTAWAY BAY
2261,CHITTAWAY POINT
2261,GLENNING VALLEY
2261,KILLARNEY VALE
2261,LONG JETTY
2261,MAGENTA
2261,SHELLY BEACH
2261,THE ENTRANCE
2261,THE ENTRANCE NORTH
2261,TOOWOON BAY
2261,TUMBI UMBI
2262,BLUE HAVEN
2262,BUDGEWOI
2262,BUDGEWOI PENINSULA
2262,BUFF POINT
2262,COLONGRA
2262,DOYALSON
2262,DOYALSON NORTH
2262,HALEKULANI
2262,SAN REMO
2263,CANTON BEACH
2263,CHARMHAVEN
2263,GOROKAN
2263,LAKE HAVEN
2263,NORAH HEAD
2263,NORAVILLE
2263,TOUKLEY
2264,BALCOLYN
2264,BONNELLS BAY
2264,BRIGHTWATERS
2264,DORA CREEK
2264,ERARING
2264,MANDALONG
2264,MIRRABOOKA
2264,MORISSET
2264,MORISSET PARK
2264,MYUNA BAY
2264,SILVERWATER
2264,SUNSHINE
2264,WINDERMERE PARK
2264,YARRAWONGA PARK
2265,COORANBONG
2265,MARTINSVILLE
2267,WANGI WANGI
2278,BARNSLEY
2278,KILLINGWORTH
2278,WAKEFIELD
2280,BELMONT
2280,BELMONT NORTH
2280,BELMONT SOUTH
2280,CROUDACE BAY
2280,FLORAVILLE
2280,JEWELLS
2280,MARKS POINT
2280,VALENTINE
2281,BLACKSMITHS
2281,CAMS WHARF
2281,CATHERINE HILL BAY
2281,CAVES BEACH
2281,LITTLE PELICAN
2281,MIDDLE CAMP
2281,MURRAYS BEACH
2281,NORDS WHARF
2281,PELICAN
2281,PINNY BEACH
2281,SWANSEA
2281,SWANSEA HEADS
2282,ELEEBANA
2282,LAKELANDS
2282,WARNERS BAY
2283,ARCADIA VALE
2283,AWABA
2283,BALMORAL
2283,BLACKALLS PARK
2283,BOLTON POINT
2283,BUTTABA
2283,CAREY BAY
2283,COAL POINT
2283,FASSIFERN
2283,FENNELL BAY
2283,FISHING POINT
2283,KILABEN BAY
2283,RATHMINES
2283,RYHOPE
2283,TORONTO
2284,ARGENTON
2284,BOOLAROO
2284,BOORAGUL
2284,MARMONG POINT
2284,SPEERS POINT
2284,TERALBA
2284,WOODRISING
2285,CAMERON PARK
2285,CARDIFF
2285,CARDIFF HEIGHTS
2285,CARDIFF SOUTH
2285,EDGEWORTH
2285,GLENDALE
2285,MACQUARIE HILLS
2286,HOLMESVILLE
2286,SEAHAMPTON
2286,WEST WALLSEND
2287,BIRMINGHAM GARDENS
2287,ELERMORE VALE
2287,FLETCHER
2287,MARYLAND
2287,MINMI
2287,RANKIN PARK
2287,SUMMER HILL
2287,WALLSEND
2287,WALLSEND DC
2287,WALLSEND SOUTH
2289,ADAMSTOWN
2289,ADAMSTOWN HEIGHTS
2289,GARDEN SUBURB
2289,HIGHFIELDS
2289,KOTARA
2289,KOTARA FAIR
2289,KOTARA SOUTH
2290,BENNETTS GREEN
2290,CHARLESTOWN
2290,DUDLEY
2290,GATESHEAD
2290,HILLSBOROUGH
2290,KAHIBAH
2290,MOUNT HUTTON
2290,REDHEAD
2290,TINGIRA HEIGHTS
2290,WHITEBRIDGE
2291,MEREWETHER
2291,MEREWETHER HEIGHTS
2291,THE JUNCTION
2292,BROADMEADOW
2292,HAMILTON NORTH
2293,MARYVILLE
2293,WICKHAM
2294,CARRINGTON
2295,FERN BAY
2295,STOCKTON
2296,ISLINGTON
2297,TIGHES HILL
2298,GEORGETOWN
2298,WARATAH
2298,WARATAH WEST
2299,Glen InnesLAMBTON
2299,JESMOND
2299,LAMBTON
2299,NORTH LAMBTON
2300,BAR BEACH
2300,COOKS HILL
2300,NEWCASTLE
2300,NEWCASTLE EAST
2300,THE HILL
2302,NEWCASTLE WEST
2303,HAMILTON
2303,HAMILTON DC
2303,HAMILTON EAST
2303,HAMILTON SOUTH
2304,KOORAGANG
2304,MAYFIELD
2304,MAYFIELD
2304,MAYFIELD EAST
2304,MAYFIELD NORTH
2304,MAYFIELD WEST
2304,SANDGATE
2304,WARABROOK
2305,KOTARA EAST
2305,NEW LAMBTON
2305,NEW LAMBTON HEIGHTS
2306,WINDALE
2307,SHORTLAND
2308,CALLAGHAN
2308,NEWCASTLE UNIVERSITY
2309,DANGAR
2310,HUNTER REGION MC
2311,ALLYNBROOK
2311,BINGLEBURRA
2311,BONNINGTON PARK
2311,CARRABOLLA
2311,EAST GRESFORD
2311,ECCLESTON
2311,GRESFORD
2311,HALTON
2311,LEWINSBROOK
2311,LOSTOCK
2311,MOUNT RIVERS
2311,UPPER ALLYN
2312,MINIMBAH
2312,NABIAC
2314,WILLIAMTOWN RAAF
2315,CORLETTE
2315,FINGAL BAY
2315,GAN GAN
2315,NELSON BAY
2315,SHOAL BAY
2316,ANNA BAY
2316,BOAT HARBOUR
2316,BOBS FARM
2316,FISHERMANS BAY
2316,ONE MILE
2316,TAYLORS BEACH
2317,SALAMANDER BAY
2317,SOLDIERS POINT
2318,CAMPVALE
2318,FERODALE
2318,FULLERTON COVE
2318,MEDOWIE
2318,OYSTER COVE
2318,SALT ASH
2318,WILLIAMTOWN
2319,LEMON TREE PASSAGE
2319,MALLABULA
2319,TANILBA BAY
2319,TILLIGERRY CREEK
2320,ABERGLASSLYN
2320,ALLANDALE
2320,ANAMBAH
2320,BOLWARRA
2320,BOLWARRA HEIGHTS
2320,FARLEY
2320,GLEN OAK
2320,GOSFORTH
2320,HILLSBOROUGH
2320,HORSESHOE BEND
2320,KEINBAH
2320,LARGS
2320,LORN
2320,LOUTH PARK
2320,MAITLAND
2320,MAITLAND NORTH
2320,MAITLAND VALE
2320,MELVILLE
2320,MINDARIBBA
2320,MOUNT DEE
2320,OAKHAMPTON
2320,OAKHAMPTON HEIGHTS
2320,POKOLBIN
2320,ROSEBROOK
2320,ROTHBURY
2320,RUTHERFORD
2320,SOUTH MAITLAND
2320,TELARAH
2320,WALLALONG
2320,WINDELLA
2321,BERRY PARK
2321,BUTTERWICK
2321,CLARENCE TOWN
2321,CLIFTLEIGH
2321,DUCKENFIELD
2321,DUNS CREEK
2321,GILLIESTON HEIGHTS
2321,GLEN MARTIN
2321,GLEN WILLIAM
2321,HARPERS HILL
2321,HEDDON GRETA
2321,HINTON
2321,IONA
2321,LOCHINVAR
2321,LUSKINTYRE
2321,MORPETH
2321,OSWALD
2321,PHOENIX PARK
2321,RAWORTH
2321,WINDERMERE
2321,WOERDEN
2321,WOODVILLE
2322,BERESFIELD
2322,BLACK HILL
2322,CHISHOLM
2322,HEXHAM
2322,LENAGHAN
2322,STOCKRINGTON
2322,TARRO
2322,THORNTON
2322,TOMAGO
2322,WOODBERRY
2323,ASHTONFIELD
2323,BRUNKERVILLE
2323,BUCHANAN
2323,BUTTAI
2323,EAST MAITLAND
2323,FOUR MILE CREEK
2323,FREEMANS WATERHOLE
2323,GREEN HILLS
2323,GREENHILLS
2323,METFORD
2323,METFORD DC
2323,MOUNT VINCENT
2323,MULBRING
2323,PITNACREE
2323,RICHMOND VALE
2323,TENAMBIT
2324,BALICKERA
2324,BRANDY HILL
2324,BUNDABAH
2324,CARRINGTON
2324,CELLS RIVER
2324,EAGLETON
2324,EAST SEAHAM
2324,HAWKS NEST
2324,HEATHERBRAE
2324,KARUAH
2324,KINGS HILL
2324,LIMEBURNERS CREEK
2324,MILLERS FOREST
2324,MOTTO FARM
2324,NELSONS PLAINS
2324,NORTH ARM COVE
2324,OSTERLEY
2324,PINDIMAR
2324,RAYMOND TERRACE
2324,RAYMOND TERRACE EAST
2324,SEAHAM
2324,SWAN BAY
2324,TAHLEE
2324,TEA GARDENS
2324,TWELVE MILE CREEK
2324,WALLAROO
2325,ABERDARE
2325,ABERNETHY
2325,BELLBIRD
2325,BELLBIRD HEIGHTS
2325,BOREE
2325,CEDAR CREEK
2325,CESSNOCK
2325,CESSNOCK WEST
2325,CONGEWAI
2325,CORRABARE
2325,DAIRY ARM
2325,ELLALONG
2325,ELRINGTON
2325,FERNANCES CROSSING
2325,GRETA MAIN
2325,KEARSLEY
2325,KITCHENER
2325,LAGUNA
2325,LOVEDALE
2325,MILLFIELD
2325,MILSONS ARM
2325,MOOTAI
2325,MORUBEN
2325,MOUNT VIEW
2325,MURRAYS RUN
2325,NARONE CREEK
2325,NULKABA
2325,OLNEY
2325,PAXTON
2325,PAYNES CROSSING
2325,PELTON
2325,QUORROBOLONG
2325,SWEETMANS CREEK
2325,WATAGAN
2325,WOLLOMBI
2325,YALLAMBIE
2325,YENGO NATIONAL PARK
2326,ABERMAIN
2326,BISHOPS BRIDGE
2326,LOXFORD
2326,NEATH
2326,SAWYERS GULLY
2326,WESTON
2327,KURRI KURRI
2327,PELAW MAIN
2327,STANFORD MERTHYR
2328,BUREEN
2328,DALSWINTON
2328,DENMAN
2328,GIANTS CREEK
2328,HOLLYDEEN
2328,KERRABEE
2328,MANGOOLA
2328,MARTINDALE
2328,WIDDEN
2328,YARRAWA
2329,BORAMBIL
2329,CASSILIS
2329,MERRIWA
2329,UARBRY
2330,APPLETREE FLAT
2330,BIG RIDGE
2330,BIG YENGO
2330,BOWMANS CREEK
2330,BRIDGMAN
2330,BROKE
2330,BULGA
2330,CAMBERWELL
2330,CARROWBROOK
2330,CLYDESDALE
2330,COMBO
2330,DARLINGTON
2330,DOYLES CREEK
2330,DUNOLLY
2330,DURAL
2330,DYRRING
2330,FALBROOK
2330,FERN GULLY
2330,FORDWICH
2330,GARLAND VALLEY
2330,GLENDON
2330,GLENDON BROOK
2330,GLENDONBROOK
2330,GLENNIES CREEK
2330,GLENRIDDING
2330,GOORANGOOLA
2330,GOULDSVILLE
2330,GOWRIE
2330,GREENLANDS
2330,HAMBLEDON HILL
2330,HEBDEN
2330,HOWES VALLEY
2330,HOWICK
2330,HUNTERVIEW
2330,JERRYS PLAINS
2330,LEMINGTON
2330,LONG POINT
2330,MAISON DIEU
2330,MCDOUGALLS HILL
2330,MIDDLE FALBROOK
2330,MILBRODALE
2330,MIRANNIE
2330,MITCHELLS FLAT
2330,MOUNT OLIVE
2330,MOUNT ROYAL
2330,MOUNT THORLEY
2330,OBANVALE
2330,PUTTY
2330,RAVENSWORTH
2330,REDBOURNBERRY
2330,REEDY CREEK
2330,RIXS CREEK
2330,ROUGHIT
2330,SCOTTS FLAT
2330,SEDGEFIELD
2330,SINGLETON
2330,SINGLETON DC
2330,SINGLETON HEIGHTS
2330,ST CLAIR
2330,WARKWORTH
2330,WATTLE PONDS
2330,WESTBROOK
2330,WHITTINGHAM
2330,WOLLEMI
2330,WYLIES FLAT
2331,SINGLETON MILITARY AREA
2331,SINGLETON MILPO
2333,BAERAMI
2333,BAERAMI CREEK
2333,BENGALLA
2333,CASTLE ROCK
2333,EDDERTON
2333,GUNGAL
2333,KAYUGA
2333,LIDDELL
2333,MANOBALAI
2333,MCCULLYS GAP
2333,MUSCLE CREEK
2333,MUSWELLBROOK
2333,SANDY HOLLOW
2333,WYBONG
2334,GRETA
2335,BELFORD
2335,BRANXTON
2335,DALWOOD
2335,EAST BRANXTON
2335,ELDERSLIE
2335,LAMBS VALLEY
2335,LECONFIELD
2335,LOWER BELFORD
2335,NORTH ROTHBURY
2335,STANHOPE
2336,ABERDEEN
2336,DARTBROOK
2336,DAVIS CREEK
2336,ROSSGOLE
2336,ROUCHEL
2336,ROUCHEL BROOK
2336,UPPER DARTBROOK
2336,UPPER ROUCHEL
2337,BELLTREES
2337,BRAWBOY
2337,BUNNAN
2337,DRY CREEK
2337,ELLERSTON
2337,GLENBAWN
2337,GLENROCK
2337,GUNDY
2337,KARS SPRINGS
2337,MIDDLE BROOK
2337,MOOBI
2337,MOONAN BROOK
2337,MOONAN FLAT
2337,MURULLA
2337,OMADALE
2337,OWENS GAP
2337,PAGES CREEK
2337,PARKVILLE
2337,SATUR
2337,SCONE
2337,SEGENHOE
2337,STEWARTS BROOK
2337,TOMALLA
2337,WAVERLY
2337,WINGEN
2337,WOOLOOMA
2338,ARDGLEN
2338,BLANDFORD
2338,CRAWNEY
2338,GREEN CREEK
2338,MURRURUNDI
2338,PAGES RIVER
2338,SANDY CREEK
2338,SCOTTS CREEK
2338,TIMOR
2339,BIG JACKS CREEK
2339,BRAEFIELD
2339,CATTLE CREEK
2339,CHILCOTTS CREEK
2339,LITTLE JACKS CREEK
2339,MACDONALDS CREEK
2339,PARRAWEENA
2339,WARRAH
2339,WARRAH CREEK
2339,WILLOW TREE
2340,APPLEBY
2340,BARRY
2340,BECTIVE
2340,BITHRAMERE
2340,BOWLING ALLEY POINT
2340,CALALA
2340,CARROLL
2340,DARUKA
2340,DUNCANS CREEK
2340,DUNGOWAN
2340,EAST TAMWORTH
2340,GAROO
2340,GIDLEY
2340,GOONOO GOONOO
2340,GOWRIE
2340,HALLSVILLE
2340,HANGING ROCK
2340,HILLVUE
2340,KEEPIT
2340,KINGSWOOD
2340,LOOMBERAH
2340,MOORE CREEK
2340,NEMINGHA
2340,NORTH TAMWORTH
2340,NUNDLE
2340,OGUNBIL
2340,OXLEY VALE
2340,PIALLAMORE
2340,SOMERTON
2340,SOUTH TAMWORTH
2340,TAMINDA
2340,TAMWORTH
2340,TAMWORTH SOUTH
2340,TIMBUMBURI
2340,WALLAMORE
2340,WARRAL
2340,WEABONGA
2340,WEST TAMWORTH
2340,WESTDALE
2340,WOOLOMIN
2341,WERRIS CREEK
2342,CURRABUBULA
2342,PIALLAWAY
2343,BLACKVILLE
2343,BORAMBIL
2343,BUNDELLA
2343,CAROONA
2343,COLLY BLUE
2343,COOMOO COOMOO
2343,PINE RIDGE
2343,QUIPOLLY
2343,QUIRINDI
2343,SPRING RIDGE
2343,WALHALLOW
2343,WALLABADAH
2343,WARRAH RIDGE
2343,WINDY
2343,YANNERGEE
2343,YARRAMAN
2344,DURI
2344,WINTON
2345,ATTUNGA
2345,GARTHOWEN
2346,BORAH CREEK
2346,HALLS CREEK
2346,KLORI
2346,MANILLA
2346,NAMOI RIVER
2346,NEW MEXICO
2346,RUSHES CREEK
2346,UPPER MANILLA
2346,WARRABAH
2346,WIMBORNE
2346,WONGO CREEK
2347,BANOON
2347,BARRABA
2347,CARODA
2347,COBBADAH
2347,GULF CREEK
2347,GUNDAMULDA
2347,HORTON VALLEY
2347,IRONBARK
2347,LINDESAY
2347,LONGARM
2347,MAYVALE
2347,RED HILL
2347,THIRLOENE
2347,UPPER HORTON
2347,WOODSREEF
2348,NEW ENGLAND MC
2350,ABERFOYLE
2350,ABINGTON
2350,ACACIA PARK
2350,ARGYLE
2350,ARMIDALE
2350,ARMIDALE DC
2350,ARMIDALE EAST
2350,BEN VENUE
2350,BONA VISTA
2350,BOOROLONG
2350,BOOROLONG
2350,CASTLE DOYLE
2350,COMMISSIONERS WATERS
2350,DANGARSLEIGH
2350,DONALD CREEK
2350,DUMARESQ
2350,DUVAL
2350,EAST ARMIDALE
2350,ENMORE
2350,HILLGROVE
2350,INVERGOWRIE
2350,JEOGLA
2350,KELLYS PLAINS
2350,LYNDHURST
2350,MADGWICK
2350,METZ
2350,NEWLING
2350,NORTH HILL
2350,PUDDLEDOCK
2350,SAUMAREZ
2350,SAUMAREZ PONDS
2350,SOUDAN HEIGHTS
2350,SOUTH HILL
2350,ST PATRICKS
2350,THALGARRAH
2350,TILBUSTER
2350,WARDS MISTAKE
2350,WEST ARMIDALE
2350,WOLLOMOMBI
2350,WONGWIBINDA
2351,UNIVERSITY OF NEW ENGLAND
2352,KOOTINGAL
2352,LIMBRI
2352,MULLA CREEK
2352,TINTINHULL
2353,MOONBI
2354,BRANGA PLAINS
2354,KENTUCKY
2354,KENTUCKY SOUTH
2354,MOONA PLAINS
2354,NIANGALA
2354,NOWENDOC
2354,UPPER YARROWITCH
2354,WALCHA
2354,WALCHA ROAD
2354,WOLLUN
2354,WOOLBROOK
2354,YARROWITCH
2355,BENDEMEER
2355,RETREAT
2355,WATSONS CREEK
2356,GWABEGAR
2357,BOMERA
2357,BOX RIDGE
2357,BUGALDIE
2357,COONABARABRAN
2357,DANDRY
2357,GOWANG
2357,PURLEWAUGH
2357,ROCKY GLEN
2357,TANNABAR
2357,ULAMAMBRI
2357,WATTLE SPRINGS
2357,YEARINAN
2358,ARDING
2358,BAKERS CREEK
2358,BALALA
2358,GOSTWYCK
2358,KINGSTOWN
2358,MIHI
2358,ROCKY RIVER
2358,SALISBURY PLAINS
2358,TORRYBURN
2358,URALLA
2358,YARROWYCK
2359,BAKERS CREEK
2359,BUNDARRA
2359,CAMERONS CREEK
2360,AUBURN VALE
2360,BRODIES PLAINS
2360,BUKKULLA
2360,CHERRY TREE HILL
2360,COPETON
2360,ELSMORE
2360,GILGAI
2360,GRAMAN
2360,GUM FLAT
2360,HOWELL
2360,INVERELL
2360,KINGS PLAINS
2360,LITTLE PLAIN
2360,LONG PLAIN
2360,MOUNT RUSSELL
2360,NEWSTEAD
2360,NULLAMANNA
2360,OAKWOOD
2360,PARADISE
2360,ROB ROY
2360,SAPPHIRE
2360,SPRING MOUNTAIN
2360,STANBOROUGH
2360,SWANBROOK
2360,WALLANGRA
2360,WANDERA
2360,WOODSTOCK
2361,ASHFORD
2361,ATHOLWOOD
2361,BONSHAW
2361,LIMESTONE
2361,PINDAROI
2365,BACKWATER
2365,BALD BLAIR
2365,BALDERSLEIGH
2365,BASSENDEAN
2365,BEN LOMOND
2365,BLACK MOUNTAIN
2365,BRIARBROOK
2365,BROCKLEY
2365,BRUSHY CREEK
2365,FALCONER
2365,GEORGES CREEK
2365,GLEN NEVIS
2365,GLENCOE
2365,GREEN HILLS
2365,GUYRA
2365,LLANGOTHLIN
2365,MAYBOLE
2365,MOUNT MITCHELL
2365,NEW VALLEY
2365,OBAN
2365,SOUTH GUYRA
2365,TENTERDEN
2365,THE BASIN
2365,THE GULF
2365,TUBBAMURRA
2365,WANDSWORTH
2369,OLD MILL
2369,STANNIFER
2369,TINGHA
2370,BALD NOB
2370,DIEHARD
2370,DUNDEE
2370,FURRACABAD
2370,GIBRALTAR RANGE
2370,GLEN ELGIN
2370,GLEN INNES
2370,KINGSGATE
2370,KINGSLAND
2370,KOOKABOOKRA
2370,LAMBS VALLEY
2370,MATHESON
2370,MOGGS SWAMP
2370,MOOGEM
2370,MORVEN
2370,NEWTON BOYD
2370,PINKETT
2370,RANGERS VALLEY
2370,RED RANGE
2370,REDDESTONE
2370,SHANNON VALE
2370,SPRING MOUNTAIN
2370,STONEHENGE
2370,SWAN VALE
2370,WELLINGROVE
2370,YARROWFORD
2371,CAPOOMPETA
2371,DEEPWATER
2371,EMMAVILLE
2371,ROCKY CREEK
2371,STANNUM
2371,TENT HILL
2371,THE GULF
2371,TORRINGTON
2371,TUNGSTEN
2371,WELLINGTON VALE
2371,YELLOW DAM
2372,BACK CREEK
2372,BILLYRIMBA
2372,BLACK SWAMP
2372,BLUFF ROCK
2372,BOLIVIA
2372,BOOKOOKOORARA
2372,BOONOO BOONOO
2372,BOOROOK
2372,BRYANS GAP
2372,BUNGULLA
2372,CARROLLS CREEK
2372,CULLENDORE
2372,DUMARESQ VALLEY
2372,FOREST LAND
2372,LISTON
2372,MINGOOLA
2372,MOLE RIVER
2372,PYES CREEK
2372,RIVERTREE
2372,ROCKY RIVER
2372,SANDY FLAT
2372,SANDY HILL
2372,SILENT GROVE
2372,STEINBROOK
2372,SUNNYSIDE
2372,TARBAN
2372,TENTERFIELD
2372,THE SCRUB
2372,TIMBARRA
2372,WILLSONS DOWNFALL
2372,WOODSIDE
2372,WYLIE CREEK
2379,GOOLHI
2379,MULLALEY
2379,NAPIER LANE
2379,NOMBI
2380,BASIN PLAIN
2380,BLUE VALE
2380,BURBURGATE
2380,COOCOOBOONAH
2380,EMERALD HILL
2380,GHOOLENDAADI
2380,GUNNEDAH
2380,GUNNEMBENE
2380,KELVIN
2380,MARYS MOUNT
2380,MEERMAUL
2380,MILROY
2380,NOGGABRI
2380,ORANGE GROVE
2380,RANGARI
2381,BREEZA
2381,CURLEWIS
2381,NEA
2381,PREMER
2381,PULLAMING
2381,TAMBAR SPRINGS
2382,BOGGABRI
2382,MAULES CREEK
2382,WEAN
2382,WILLALA
2386,BURREN JUNCTION
2386,DRILDOOL
2386,NOWLEY
2387,BULYEROI
2387,ROWENA
2388,BOOLCARROLL
2388,CUTTABRI
2388,JEWS LAGOON
2388,MERAH NORTH
2388,PILLIGA
2388,SPRING PLAINS
2388,THE PILLIGA
2388,WEE WAA
2388,YARRIE LAKE
2390,BAAN BAA
2390,BACK CREEK
2390,BERRIGAL
2390,BOHENA CREEK
2390,BULLAWA CREEK
2390,COURADDA
2390,EDGEROI
2390,EULAH CREEK
2390,HARPARARY
2390,JACKS CREEK
2390,KAPUTAR
2390,NARRABRI
2390,NARRABRI WEST
2390,ROCKY CREEK
2390,TARRIARO
2390,TURRAWAN
2395,BINNAWAY
2395,ROPERS ROAD
2395,WEETALIBA
2396,BARADINE
2396,BARWON
2396,GOORIANAWA
2396,KENEBRI
2397,BELLATA
2397,JEWS LAGOON
2397,MILLIE
2397,THALABA
2398,GURLEY
2399,BINIGUY
2399,MILGUY
2399,PALLAMALLAWA
2400,ASHLEY
2400,BULLARAH
2400,CROOBLE
2400,MALLOWA
2400,MOREE
2400,MOREE EAST
2400,TERRY HIE HIE
2400,TIKITERE
2400,TULLOONA
2400,YARRAMAN
2401,GRAVESEND
2402,COOLATAI
2402,WARIALDA
2402,WARIALDA RAIL
2403,BALFOURS PEAK
2403,DELUNGRA
2403,GRAGIN
2403,KOLOONA
2403,MYALL CREEK
2404,BANGHEET
2404,BINGARA
2404,DINOGA
2404,ELCOMBE
2404,GINEROI
2404,KEERA
2404,PALLAL
2404,UPPER BINGARA
2404,WHITLOW
2405,BOOMI
2405,GARAH
2406,MUNGINDI
2406,WEEMELAH
2408,BLUE NOBBY
2408,MUNGLE
2408,NORTH STAR
2408,YALLAROI
2409,BOGGABILLA
2409,BOONAL
2410,TWIN RIVERS
2410,YETMAN
2411,CROPPA CREEK
2415,MONKERAI
2415,NOOROO
2415,STROUD ROAD
2415,UPPER KARUAH RIVER
2415,WEISMANTELS
2420,ALISON
2420,BANDON GROVE
2420,BENDOLBA
2420,BROOKFIELD
2420,BROWNMORE
2420,CAMBRA
2420,CHICHESTER
2420,DINGADEE
2420,DUNGOG
2420,DUSODIE
2420,FLAT TOPS
2420,FOSTERTON
2420,HANLEYS CREEK
2420,HILLDALE
2420,MAIN CREEK
2420,MARSHDALE
2420,MARTINS CREEK
2420,MUNNI
2420,SALISBURY
2420,STROUD HILL
2420,SUGARLOAF
2420,TABBIL CREEK
2420,TILLEGRA
2420,UNDERBANK
2420,UPPER CHICHESTER
2420,WALLARINGA
2420,WALLAROBBA
2420,WIRRAGULLA
2421,FISHERS HILL
2421,PATERSON
2421,SUMMER HILL
2421,TOCAL
2421,TORRYBURN
2421,TREVALLYN
2421,VACY
2421,WEBBERS CREEK
2422,BACK CREEK
2422,BAKERS CREEK
2422,BARRINGTON
2422,BARRINGTON TOPS
2422,BAXTERS RIDGE
2422,BELBORA
2422,BERRICO
2422,BINDERA
2422,BOWMAN
2422,BOWMAN FARM
2422,BRETTI
2422,BULLIAC
2422,BUNDOOK
2422,CALLAGHANS CREEK
2422,CALLAGHANS CREEKS
2422,COBARK
2422,CONEAC
2422,COPELAND
2422,CORROBOREE FLAT
2422,CRAVEN
2422,CRAVEN PLATEAU
2422,CURRICABARK
2422,DEWITT
2422,DOON AYRE
2422,FAULKLAND
2422,FORBESDALE
2422,GANGAT
2422,GIRO
2422,GLEN WARD
2422,GLOUCESTER
2422,GLOUCESTER TOPS
2422,INVERGORDON
2422,KIA ORA
2422,MARES RUN
2422,MAUDVILLE
2422,MERNOT
2422,MOGRANI
2422,MOGRANI CREEK
2422,MOPPY
2422,MOUNT PEERLESS
2422,PITLOCHRY
2422,RAWDON VALE
2422,ROOKHURST
2422,STRATFORD
2422,TERREEL
2422,TIBBUC
2422,TITAATEE CREEK
2422,TUGRABAKH
2422,UPPER BOWMAN
2422,WALLANBAH
2422,WAPRA
2422,WARDS RIVER
2422,WAUKIVORY
2422,WIRRADGURIE
2422,WOKO
2423,BOMBAH POINT
2423,BOOLAMBAYTE
2423,BULAHDELAH
2423,BUNGWAHL
2423,COOLONGOLOOK
2423,CRAWFORD RIVER
2423,MARKWELL
2423,MAYERS FLAT
2423,MUNGO BRUSH
2423,MYALL LAKE
2423,NERONG
2423,SEAL ROCKS
2423,TOPI TOPI
2423,UPPER MYALL
2423,VIOLET HILL
2423,WALLINGAT
2423,WANG WAUK
2423,WARRANULLA
2423,WILLINA
2423,WOOTTON
2423,YAGON
2424,CAFFREYS FLAT
2424,CELLS RIVER
2424,CHARITY CREEK
2424,COOPLACURRIPA
2424,CUNDLE FLAT
2424,KNORRIT FLAT
2424,KNORRIT FOREST
2424,MOUNT GEORGE
2424,NUMBER ONE
2424,ROCKS CROSSING
2424,TIRI
2424,WOODSIDE
2425,ALLWORTH
2425,BOORAL
2425,GIRVAN
2425,STROUD
2425,THE BRANCH
2425,WASHPOOL
2426,COOPERNOOK
2426,LANGLEY VALE
2426,MOTO
2427,CROWDY HEAD
2427,HARRINGTON
2428,BLUEYS BEACH
2428,BOOMERANG BEACH
2428,BOOTI BOOTI
2428,CHARLOTTE BAY
2428,COOMBA BAY
2428,COOMBA PARK
2428,DARAWANK
2428,ELIZABETH BEACH
2428,FORSTER
2428,FORSTER SHOPPING VILLAGE
2428,GREEN POINT
2428,PACIFIC PALMS
2428,SANDBAR
2428,SHALLOW BAY
2428,SMITHS LAKE
2428,TARBUCK BAY
2428,TIONA
2428,TUNCURRY
2428,WALLINGAT
2428,WALLIS LAKE
2428,WHOOTA
2429,BOBIN
2429,BOORGANNA
2429,BUCCA WAUKA
2429,BULBY BRUSH
2429,BULGA FOREST
2429,BUNYAH
2429,BURRELL CREEK
2429,CAPARRA
2429,CEDAR PARTY
2429,COMBOYNE
2429,DINGO FOREST
2429,DOLLYS FLAT
2429,DYERS CROSSING
2429,ELANDS
2429,FIREFLY
2429,INNES VIEW
2429,KARAAK FLAT
2429,KHATAMBUHL
2429,KILLABAKH
2429,KILLAWARRA
2429,KIMBRIKI
2429,KINGS CREEK
2429,KIPPAXS
2429,KRAMBACH
2429,KUNDIBAKH
2429,MARLEE
2429,MOORAL CREEK
2429,STRATHCEDAR
2429,THE BIGHT
2429,TIPPERARY
2429,WARRIWILLAH
2429,WHERROL FLAT
2429,WINGHAM
2429,YARRATT FOREST
2430,BLACK HEAD
2430,BOHNOCK
2430,BOOTAWA
2430,BRIMBIN
2430,CABBAGE TREE ISLAND
2430,CHATHAM
2430,CROKI
2430,CUNDLETOWN
2430,DIAMOND BEACH
2430,DUMARESQ ISLAND
2430,FAILFORD
2430,GHINNI GHINNI
2430,GLENTHORNE
2430,HALLIDAYS POINT
2430,HAPPY VALLEY
2430,HILLVILLE
2430,JONES ISLAND
2430,KIWARRAK
2430,KOLODONG
2430,KOORAINGHAT
2430,KUNDLE KUNDLE
2430,LANSDOWNE
2430,LANSDOWNE FOREST
2430,MANNING POINT
2430,MELINGA
2430,MITCHELLS ISLAND
2430,MONDROOK
2430,OLD BAR
2430,OXLEY ISLAND
2430,PAMPOOLAH
2430,POSSUM BRUSH
2430,PURFLEET
2430,RAINBOW FLAT
2430,RED HEAD
2430,SALTWATER
2430,TALLWOODS VILLAGE
2430,TAREE
2430,TAREE DC
2430,TAREE SOUTH
2430,TAREE WEST
2430,TINONEE
2430,UPPER LANSDOWNE
2430,WALLABI POINT
2431,ARAKOON
2431,JERSEYVILLE
2431,SOUTH WEST ROCKS
2439,BATAR CREEK
2439,BLACK CREEK
2439,BOBS CREEK
2439,HERONS CREEK
2439,KENDALL
2439,KEREWONG
2439,KEW
2439,LOGANS CROSSING
2439,LORNE
2439,ROSSGLEN
2439,SWANS CROSSING
2439,UPSALLS CREEK
2440,ALDAVILLA
2440,AUSTRAL EDEN
2440,BELLBROOK
2440,BELLIMBOPINNI
2440,BELMORE RIVER
2440,BURNT BRIDGE
2440,CARRAI
2440,CLYBUCCA
2440,COLLOMBATTI
2440,COMARA
2440,CORANGULA
2440,CRESCENT HEAD
2440,DEEP CREEK
2440,DONDINGALONG
2440,EAST KEMPSEY
2440,EUROKA
2440,FREDERICKTON
2440,GEORGES CREEK
2440,GLADSTONE
2440,GREENHILL
2440,GREENHILLS
2440,HAMPDEN HALL
2440,HAT HEAD
2440,HICKEYS CREEK
2440,KEMPSEY
2440,KINCHELA
2440,LOWER CREEK
2440,MILLBANK
2440,MOONEBA
2440,MOPARRABAH
2440,MUNGAY CREEK
2440,OLD STATION
2440,POLA CREEK
2440,RAINBOW REACH
2440,SEVEN OAKS
2440,SHERWOOD
2440,SKILLION FLAT
2440,SMITHTOWN
2440,SOUTH KEMPSEY
2440,SUMMER ISLAND
2440,TEMAGOG
2440,TOOROOKA
2440,TURNERS FLAT
2440,VERGES CREEK
2440,WEST KEMPSEY
2440,WILLAWARRIN
2440,WILLI WILLI
2440,WITTITRIN
2440,YARRAVEL
2440,YESSABAH
2441,ALLGOMERA
2441,ALLGOMERA CREEK
2441,BALLENGARRA
2441,BARRAGANYATTI
2441,BONVILLE
2441,BRIL BRIL
2441,BRINERVILLE
2441,BROWNS CROSSING
2441,COOPERABUNG
2441,CROSSMAGLEN
2441,EUNGAI CREEK
2441,EUNGAI RAIL
2441,FISHERMANS REACH
2441,GEARYS FLAT
2441,GRASSY HEAD
2441,GUM SCRUB
2441,HACKS FERRY
2441,KIPPARA
2441,KUNDABUNG
2441,MARLO MERRICAN
2441,ROLLANDS PLAINS
2441,STUARTS POINT
2441,TAMBAN
2441,TELEGRAPH POINT
2441,UPPER ROLLANDS PLAINS
2441,YARRAHAPINNI
2442,KEMPSEY MSC
2442,MID NORTH COAST MC
2442,MID NORTH COAST MSC
2443,BOBS CREEK
2443,CAMDEN HEAD
2443,CORALVILLE
2443,CROWDY BAY
2443,DEAUVILLE
2443,DIAMOND HEAD
2443,DICKS HILL
2443,DUNBOGAN
2443,HANNAM VALE
2443,HERONS CREEK
2443,JOHNS RIVER
2443,LAKEWOOD
2443,LAURIETON
2443,MIDDLE BROTHER
2443,MOORLAND
2443,NORTH BROTHER
2443,NORTH HAVEN
2443,STEWARTS RIVER
2443,WAITUI
2443,WEST HAVEN
2444,BLACKMANS POINT
2444,FERNBANK CREEK
2444,FLYNNS BEACH
2444,LIGHTHOUSE BEACH
2444,LIMEBURNERS CREEK
2444,NORTH SHORE
2444,PORT MACQUARIE
2444,PORT MACQUARIE BC
2444,RIVERSIDE
2444,SETTLEMENT CITY
2444,THE HATCH
2444,THRUMSTER
2445,BONNY HILLS
2445,GRANTS BEACH
2445,JOLLY NOSE
2445,LAKE CATHIE
2446,BAGNOO
2446,BAGO
2446,BANDA BANDA
2446,BEECHWOOD
2446,BELLANGRY
2446,BIRDWOOD
2446,BROMBIN
2446,BYABARRA
2446,CAIRNCROSS
2446,CROSSLANDS
2446,DEBENHAM
2446,DOYLES RIVER
2446,ELLENBOROUGH
2446,FORBES RIVER
2446,FRAZERS CREEK
2446,GEARYS FLAT
2446,HARTYS PLAINS
2446,HOLLISDALE
2446,HUNTINGDON
2446,HYNDMANS CREEK
2446,KINDEE
2446,KING CREEK
2446,LAKE INNES
2446,LONG FLAT
2446,LOWER PAPPINBARRA
2446,MARLO MERRICAN
2446,MORTONS CREEK
2446,MOUNT SEAVIEW
2446,PAPPINBARRA
2446,PEMBROOKE
2446,PIPECLAY
2446,RAWDON ISLAND
2446,REDBANK
2446,ROSEWOOD
2446,SANCROX
2446,TOMS CREEK
2446,UPPER PAPPINBARRA
2446,WAUCHOPE
2446,WERRIKIMBE
2446,YARRAS
2446,YIPPIN CREEK
2447,BAKERS CREEK
2447,BURRAPINE
2447,CONGARINNI
2447,CONGARINNI NORTH
2447,DONNELLYVILLE
2447,GUMMA
2447,MACKSVILLE
2447,NEWEE CREEK
2447,NORTH MACKSVILLE
2447,SCOTTS HEAD
2447,TALARM
2447,TAYLORS ARM
2447,THUMB CREEK
2447,UPPER TAYLORS ARM
2447,UTUNGUN
2447,WARRELL CREEK
2447,WAY WAY
2447,WIRRIMBI
2447,YARRANBELLA
2448,HYLAND PARK
2448,NAMBUCCA HEADS
2448,VALLA
2448,VALLA BEACH
2448,VIEWMONT
2449,ARGENTS HILL
2449,BOWRAVILLE
2449,BUCKRA BENDINNI
2449,GIRRALONG
2449,KENNAICLE CREEK
2449,KILLIEKRANKIE
2449,MISSABOTTI
2449,SOUTH ARM
2449,TEWINGA
2450,BOAMBEE
2450,BONVILLE
2450,BROOKLANA
2450,BUCCA
2450,COFFS HARBOUR
2450,COFFS HARBOUR DC
2450,COFFS HARBOUR JETTY
2450,COFFS HARBOUR PLAZA
2450,CORAMBA
2450,DAIRYVILLE
2450,GLENREAGH
2450,KARANGI
2450,KORORA
2450,LOWANNA
2450,LOWER BUCCA
2450,MOONEE BEACH
2450,NANA GLEN
2450,NORTH BOAMBEE VALLEY
2450,SAPPHIRE BEACH
2450,SHERWOOD
2450,ULONG
2450,UPPER ORARA
2452,BAYLDON
2452,BOAMBEE EAST
2452,SAWTELL
2452,TOORMINA
2453,BIELSDOWN HILLS
2453,BILLYS CREEK
2453,BOSTOBRICK
2453,BRIGGSVALE
2453,CASCADE
2453,CLOUDS CREEK
2453,DEER VALE
2453,DORRIGO
2453,DORRIGO MOUNTAIN
2453,DORRIGO NORTH
2453,DUNDURRABIN
2453,EBOR
2453,FERNBROOK
2453,GANGARA
2453,GLEN FERNAIGH
2453,HERNANI
2453,LEIGH
2453,MARENGO
2453,MAYNARDS PLAINS
2453,MEGAN
2453,MOONPAR
2453,MOONPAR
2453,MULDIVA
2453,NEVER NEVER
2453,NORTH DORRIGO
2453,TALLOWWOOD RIDGE
2453,TYRINGHAM
2453,WILD CATTLE CREEK
2454,BELLINGEN
2454,BRIERFIELD
2454,BRINERVILLE
2454,BUNDAGEN
2454,DARKWOOD
2454,FERNMOUNT
2454,GLENIFFER
2454,GORDONVILLE
2454,HYDES CREEK
2454,KALANG
2454,KOOROOWI
2454,MYLESTOM
2454,ORAMA
2454,RALEIGH
2454,REPTON
2454,SCOTCHMAN
2454,SPICKETTS CREEK
2454,SUNNY CORNER
2454,THORA
2454,UPPER THORA
2454,VALERY
2455,TARKEETH
2455,URUNGA
2456,ARRAWARRA
2456,ARRAWARRA HEADLAND
2456,CORINDI BEACH
2456,DIRTY CREEK
2456,EMERALD BEACH
2456,MULLAWAY
2456,RED ROCK
2456,SAFETY BEACH
2456,SANDY BEACH
2456,UPPER CORINDI
2456,WOOLGOOLGA
2460,ALUMY CREEK
2460,BANYABBA
2460,BARCOONGERE
2460,BARRETTS CREEK
2460,BARYULGIL
2460,BLAXLANDS CREEK
2460,BLAXLANDS FLAT
2460,BOM BOM
2460,BOOKRAM
2460,BRAUNSTONE
2460,BRUSHGROVE
2460,BUCCARUMBI
2460,CALAMIA
2460,CANGAI
2460,CARNHAM
2460,CARRS CREEK
2460,CARRS ISLAND
2460,CARRS PENINSULA
2460,CARRS PENINSULAR
2460,CHAELUNDI
2460,CHAMBIGNE
2460,CLARENZA
2460,CLIFDEN
2460,COALDALE
2460,COLLUM COLLUM
2460,COOMBADJHA
2460,COPMANHURST
2460,COUTTS CROSSING
2460,COWPER
2460,CROWTHER ISLAND
2460,DALMORTON
2460,DEEP CREEK
2460,DILKOON
2460,DIRTY CREEK
2460,DUMBUDGERY
2460,EATONSVILLE
2460,EIGHTEEN MILE
2460,ELLAND
2460,FINE FLOWER
2460,FORTIS CREEK
2460,GLENUGIE
2460,GRAFTON
2460,GRAFTON WEST
2460,GREAT MARLOW
2460,GURRANANG
2460,HALFWAY CREEK
2460,HEIFER STATION
2460,JACKADGERY
2460,JUNCTION HILL
2460,KANGAROO CREEK
2460,KEYBARBIN
2460,KOOLKHAN
2460,KREMNOS
2460,KUNGALA
2460,KYARRAN
2460,LANITZA
2460,LAWRENCE
2460,LEVENSTRATH
2460,LILYDALE
2460,LIONSVILLE
2460,LOWER COLDSTREAM
2460,LOWER SOUTHGATE
2460,MALABUGILMAH
2460,MCPHERSONS CROSSING
2460,MOLEVILLE CREEK
2460,MOUNTAIN VIEW
2460,MYLNEFORD
2460,NEWBOLD
2460,NYMBOIDA
2460,PULGANBAR
2460,PUNCHBOWL
2460,RAMORNIE
2460,RUSHFORTH
2460,SANDY CROSSING
2460,SEELANDS
2460,SHANNONDALE
2460,SMITHS CREEK
2460,SOUTH ARM
2460,SOUTH GRAFTON
2460,SOUTHAMPTON
2460,SOUTHGATE
2460,STOCKYARD CREEK
2460,THE PINNACLES
2460,THE WHITEMAN
2460,TOWALLUM
2460,TRENAYR
2460,TYNDALE
2460,UPPER COPMANHURST
2460,UPPER FINE FLOWER
2460,WARRAGAI CREEK
2460,WASHPOOL
2460,WATERVIEW
2460,WATERVIEW HEIGHTS
2460,WELLS CROSSING
2460,WHITEMAN CREEK
2460,WINEGROVE
2460,WOMBAT CREEK
2462,CALLIOPE
2462,COLDSTREAM
2462,DIGGERS CAMP
2462,GILLETTS RIDGE
2462,LAKE HIAWATHA
2462,LAVADIA
2462,MINNIE WATER
2462,PILLAR VALLEY
2462,SWAN CREEK
2462,TUCABIA
2462,ULMARRA
2462,WOOLI
2463,ASHBY
2463,ASHBY HEIGHTS
2463,ASHBY ISLAND
2463,BROOMS HEAD
2463,GULMARRAD
2463,ILARWILL
2463,JACKY BULBIN FLAT
2463,JAMES CREEK
2463,MACLEAN
2463,PALMERS CHANNEL
2463,PALMERS ISLAND
2463,SANDON
2463,SHARK CREEK
2463,TALOUMBI
2463,THE SANDON
2463,TOWNSEND
2463,TULLYMORGAN
2463,WOODFORD
2463,WOODFORD ISLAND
2464,ANGOURIE
2464,FREEBURN ISLAND
2464,MICALO ISLAND
2464,WOOLOWEYAH
2464,YAMBA
2464,YURAYGIR
2465,HARWOOD
2466,ILUKA
2466,THE FRESHWATER
2466,WOODY HEAD
2469,ALICE
2469,BANYABBA
2469,BEAN CREEK
2469,BINGEEBEEBRA
2469,BINGEEBEEBRA CREEK
2469,BONALBO
2469,BOOMOODEERIE
2469,BOTTLE CREEK
2469,BULLDOG
2469,BUNGAWALBIN
2469,BUSBYS FLAT
2469,CAMBRIDGE PLATEAU
2469,CAMIRA
2469,CAMIRA CREEK
2469,CAPEEN
2469,CAPEEN CREEK
2469,CHATSWORTH
2469,CLEARFIELD
2469,CLOVER PARK
2469,COONGBAR
2469,CULMARAN CREEK
2469,DEEP CREEK
2469,DRAKE
2469,DRAKE VILLAGE
2469,DUCK CREEK
2469,EWINGAR
2469,GIBBERAGEE
2469,GOODWOOD ISLAND
2469,GORGE CREEK
2469,HAYSTACK
2469,HOGARTH RANGE
2469,JACKSONS FLAT
2469,JOES BOX
2469,KEYBARBIN
2469,KIPPENDUFF
2469,LOUISA CREEK
2469,LOWER BOTTLE CREEK
2469,LOWER DUCK CREEK
2469,LOWER PEACOCK
2469,MALLANGANEE
2469,MOOKIMA WYBRA
2469,MORORO
2469,MOUNT MARSH
2469,MUMMULGUM
2469,MYRTLE CREEK
2469,OLD BONALBO
2469,PADDYS FLAT
2469,PAGANS FLAT
2469,PEACOCK CREEK
2469,PIKAPENE
2469,PRETTY GULLY
2469,RAPPVILLE
2469,SANDILANDS
2469,SIMPKINS CREEK
2469,SIX MILE SWAMP
2469,TABULAM
2469,THERESA CREEK
2469,TUNGLEBUNG
2469,UPPER DUCK CREEK
2469,WARREGAH ISLAND
2469,WHIPORIE
2469,WOOMBAH
2469,WYAN
2469,YABBRA
2470,ALICE
2470,BABYL CREEK
2470,BACKMEDE
2470,BARAIMAL
2470,CASINO
2470,COOLANESS
2470,COOMBELL
2470,DOBIES BIGHT
2470,DOUBTFUL CREEK
2470,DYRAABA
2470,DYRAABA CENTRAL
2470,DYRAABA CREEK
2470,ELLANGOWAN
2470,FAIRY HILL
2470,IRVINGTON
2470,LEEVILLE
2470,LOWER DYRAABA
2470,MONGOGARIE
2470,NAUGHTONS GAP
2470,NORTH CASINO
2470,PIORA
2470,SEXTONVILLE
2470,SHANNON BROOK
2470,SPRING GROVE
2470,STRATHEDEN
2470,TOMKI
2470,UPPER MONGOGARIE
2470,WOODVIEW
2470,WOOLNERS ARM
2470,WOOROOWOOLGAN
2470,YORKLEA
2471,BORA RIDGE
2471,CODRINGTON
2471,CORAKI
2471,EAST CORAKI
2471,GREEN FOREST
2471,GREENRIDGE
2471,NORTH WOODBURN
2471,SWAN BAY
2471,TATHAM
2471,WEST BUNGAWALBIN
2471,WEST CORAKI
2472,BROADWATER
2472,BUCKENDOON
2472,ESK
2472,KILGIN
2472,MOONEM
2472,NEW ITALY
2472,RILEYS HILL
2472,TABBIMOBLE
2472,THE GAP
2472,TRUSTUMS HILL
2472,WOODBURN
2473,BUNDJALUNG
2473,DOONBAH
2473,EVANS HEAD
2473,IRON GATES
2473,SOUTH EVANS HEAD
2474,AFTERLEE
2474,BARKERS VALE
2474,BORDER RANGES
2474,CAWONGLA
2474,CEDAR POINT
2474,COLLINS CREEK
2474,COUGAL
2474,DAIRY FLAT
2474,EDEN CREEK
2474,EDENVILLE
2474,ETTRICK
2474,FAWCETTS PLAIN
2474,FINDON CREEK
2474,GENEVA
2474,GHINNI GHI
2474,GRADYS CREEK
2474,GREEN PIGEON
2474,GREVILLIA
2474,HOMELEIGH
2474,HORSE STATION CREEK
2474,HORSESHOE CREEK
2474,IRON POT CREEK
2474,KILGRA
2474,KYOGLE
2474,LITTLE BACK CREEK
2474,LOADSTONE
2474,LYNCHS CREEK
2474,NEW PARK
2474,OLD GREVILLIA
2474,ROSEBERRY
2474,ROSEBERRY CREEK
2474,RUKENVALE
2474,SAWPIT CREEK
2474,SHERWOOD
2474,SMITHS CREEK
2474,TERRACE CREEK
2474,THE RISK
2474,TOONUMBAR
2474,UNUMGAR
2474,UPPER EDEN CREEK
2474,UPPER HORSESHOE CREEK
2474,WADEVILLE
2474,WARRAZAMBIL CREEK
2474,WEST WIANGAREE
2474,WIANGAREE
2474,WYNEDEN
2475,BEAURY CREEK
2475,TOOLOOM
2475,UPPER TOOLOOM
2475,URBENVILLE
2475,WALLABY CREEK
2476,ACACIA CREEK
2476,ACACIA PLATEAU
2476,BOOMI CREEK
2476,BRUMBY PLAINS
2476,KOREELAH
2476,LEGUME
2476,LINDESAY CREEK
2476,LOWER ACACIA CREEK
2476,MULI MULI
2476,OLD KOREELAH
2476,THE GLEN
2476,WOODENBONG
2477,ALSTONVALE
2477,ALSTONVILLE
2477,BAGOTVILLE
2477,CABBAGE TREE ISLAND
2477,DALWOOD
2477,EAST WARDELL
2477,GOAT ISLAND
2477,LYNWOOD
2477,MEERSCHAUM VALE
2477,PEARCES CREEK
2477,ROUS
2477,ROUS MILL
2477,TUCKOMBIL
2477,URALBA
2477,WARDELL
2477,WOLLONGBAR
2478,BALLINA
2478,BALLINA DC
2478,COOLGARDIE
2478,CUMBALUM
2478,EAST BALLINA
2478,EMPIRE VALE
2478,KEITH HALL
2478,KINVARA
2478,LENNOX HEAD
2478,PATCHS BEACH
2478,PIMLICO
2478,PIMLICO ISLAND
2478,SKENNARS HEAD
2478,SOUTH BALLINA
2478,TEVEN
2478,TINTENBAR
2478,WEST BALLINA
2479,BANGALOW
2479,BINNA BURRA
2479,BROOKLET
2479,COOPERS SHOOT
2479,COORABELL
2479,FERNLEIGH
2479,KNOCKROW
2479,MCLEODS SHOOT
2479,NASHUA
2479,NEWRYBAR
2479,POSSUM CREEK
2479,ST HELENA
2480,BACK CREEK
2480,BENTLEY
2480,BEXHILL
2480,BLAKEBROOK
2480,BLUE KNOB
2480,BOAT HARBOUR
2480,BOOERIE CREEK
2480,BOORABEE PARK
2480,BOOYONG
2480,BUNGABBEE
2480,CANIABA
2480,CHILCOTTS GRASS
2480,CLOVASS
2480,CLUNES
2480,COFFEE CAMP
2480,CORNDALE
2480,DORROUGHBY
2480,DUNGARUBBA
2480,DUNOON
2480,EAST LISMORE
2480,ELTHAM
2480,EUREKA
2480,FEDERAL
2480,FERNSIDE
2480,GEORGICA
2480,GIRARDS HILL
2480,GOOLMANGAR
2480,GOONELLABAH
2480,GUNDURIMBA
2480,HOWARDS GRASS
2480,JIGGI
2480,KEERRONG
2480,KOONORIGAN
2480,LAGOON GRASS
2480,LARNOOK
2480,LEYCESTER
2480,LILLIAN ROCK
2480,LINDENDALE
2480,LISMORE
2480,LISMORE DC
2480,LISMORE HEIGHTS
2480,LOFTVILLE
2480,MAROM CREEK
2480,MCKEES HILL
2480,MCLEANS RIDGES
2480,MISSINGHAM
2480,MODANVILLE
2480,MONALTRIE
2480,MOUNTAIN TOP
2480,NIGHTCAP
2480,NIMBIN
2480,NORTH LISMORE
2480,NUMULGI
2480,REPENTANCE CREEK
2480,RICHMOND HILL
2480,ROCK VALLEY
2480,ROSEBANK
2480,RUTHVEN
2480,SOUTH GUNDURIMBA
2480,SOUTH LISMORE
2480,STEVE KINGS PLAINS
2480,STONY CHUTE
2480,TERANIA CREEK
2480,THE CHANNON
2480,TREGEAGLE
2480,TUCKI TUCKI
2480,TUCKURIMBA
2480,TULLERA
2480,TUNCESTER
2480,TUNTABLE CREEK
2480,TUNTABLE FALLS
2480,UPPER COOPERS CREEK
2480,WHIAN WHIAN
2480,WOODLAWN
2480,WYRALLAH
2481,BROKEN HEAD
2481,BYRON BAY
2481,EWINGSDALE
2481,HAYTERS HILL
2481,MYOCUM
2481,SKINNERS SHOOT
2481,SUFFOLK PARK
2481,TALOFA
2481,TYAGARAH
2482,GOONENGERRY
2482,HUONBROOK
2482,KOONYUM RANGE
2482,MAIN ARM
2482,MONTECOLLUM
2482,MULLUMBIMBY
2482,MULLUMBIMBY CREEK
2482,PALMWOODS
2482,UPPER COOPERS CREEK
2482,UPPER MAIN ARM
2482,UPPER WILSONS CREEK
2482,WANGANUI
2482,WILSONS CREEK
2483,BILLINUDGEL
2483,BRUNSWICK HEADS
2483,BURRINGBAR
2483,CRABBES CREEK
2483,MIDDLE POCKET
2483,MOOBALL
2483,NEW BRIGHTON
2483,OCEAN SHORES
2483,SLEEPY HOLLOW
2483,SOUTH GOLDEN BEACH
2483,THE POCKET
2483,UPPER BURRINGBAR
2483,WOOYUNG
2483,YELGUN
2484,BACK CREEK
2484,BOAT HARBOUR
2484,BRAY PARK
2484,BRAYS CREEK
2484,BYANGUM
2484,BYRRILL CREEK
2484,CEDAR CREEK
2484,CHILLINGHAM
2484,CHOWAN CREEK
2484,CLOTHIERS CREEK
2484,COMMISSIONERS CREEK
2484,CONDONG
2484,CRYSTAL CREEK
2484,CUDGERA CREEK
2484,DOON DOON
2484,DULGUIGAN
2484,DUM DUM
2484,DUNBIBLE
2484,DUNGAY
2484,EUNGELLA
2484,EVIRON
2484,FARRANTS HILL
2484,FERNVALE
2484,HOPKINS CREEK
2484,KIELVALE
2484,KUNGHUR
2484,KUNGHUR CREEK
2484,KYNNUMBOON
2484,LIMPINWOOD
2484,MEBBIN
2484,MIDGINBIL
2484,MOUNT BURRELL
2484,MOUNT WARNING
2484,MURWILLUMBAH
2484,MURWILLUMBAH DC
2484,MURWILLUMBAH SOUTH
2484,NOBBYS CREEK
2484,NORTH ARM
2484,NUMINBAH
2484,NUNDERI
2484,PALMVALE
2484,PUMPENBIL
2484,RESERVE CREEK
2484,ROUND MOUNTAIN
2484,ROWLANDS CREEK
2484,SMITHS CREEK
2484,SOUTH MURWILLUMBAH
2484,STOKERS SIDING
2484,TERRAGON
2484,TOMEWIN
2484,TYALGUM
2484,TYALGUM CREEK
2484,TYGALGAH
2484,UKI
2484,UPPER CRYSTAL CREEK
2484,URLIUP
2484,WARDROP VALLEY
2484,ZARA
2485,TWEED HEADS
2485,TWEED HEADS WEST
2486,BANORA POINT
2486,BILAMBIL
2486,BILAMBIL HEIGHTS
2486,BUNGALORA
2486,CAROOL
2486,COBAKI
2486,COBAKI LAKES
2486,DUROBY
2486,GLENGARRIE
2486,PIGGABEEN
2486,TERRANORA
2486,TWEED HEADS SOUTH
2486,TWEED HEADS SOUTH DC
2486,UPPER DUROBY
2487,CASUARINA
2487,CHINDERAH
2487,CUDGEN
2487,DURANBAH
2487,FINGAL HEAD
2487,KINGS FOREST
2487,KINGSCLIFF
2487,STOTTS CREEK
2488,BOGANGAR
2488,CABARITA BEACH
2488,TANGLEWOOD
2489,HASTINGS POINT
2489,POTTSVILLE
2489,POTTSVILLE BEACH
2490,NORTH TUMBULGUM
2490,TUMBULGUM
2500,CONISTON
2500,GWYNNEVILLE
2500,KEIRAVILLE
2500,MANGERTON
2500,MOUNT KEIRA
2500,MOUNT SAINT THOMAS
2500,NORTH WOLLONGONG
2500,SPRING HILL
2500,WEST WOLLONGONG
2500,WOLLONGONG
2500,WOLLONGONG DC
2500,WOLLONGONG NORTH
2500,WOLLONGONG WEST
2502,CRINGILA
2502,LAKE HEIGHTS
2502,PRIMBEE
2502,WARRAWONG
2505,KEMBLAWARRA
2505,PORT KEMBLA
2506,BERKELEY
2508,COALCLIFF
2508,DARKES FOREST
2508,HELENSBURGH
2508,LILYVALE
2508,MADDENS PLAINS
2508,OTFORD
2508,STANWELL PARK
2508,STANWELL TOPS
2508,WORONORA DAM
2515,AUSTINMER
2515,CLIFTON
2515,COLEDALE
2515,SCARBOROUGH
2515,THIRROUL
2515,WOMBARRA
2516,BULLI
2516,BULLI TOPS
2517,RUSSELL VALE
2517,WOONONA
2517,WOONONA EAST
2518,BELLAMBI
2518,CORRIMAL
2518,CORRIMAL EAST
2518,EAST CORRIMAL
2518,TARRAWANNA
2518,TOWRADGI
2519,BALGOWNIE
2519,FAIRY MEADOW
2519,FERNHILL
2519,MOUNT OUSLEY
2519,MOUNT PLEASANT
2519,REIDTOWN
2520,WOLLONGONG
2522,UNIVERSITY OF WOLLONGONG
2525,FIGTREE
2526,CORDEAUX
2526,CORDEAUX HEIGHTS
2526,FARMBOROUGH HEIGHTS
2526,KEMBLA GRANGE
2526,KEMBLA HEIGHTS
2526,MOUNT KEMBLA
2526,UNANDERRA
2526,UNANDERRA DC
2527,ALBION PARK
2527,ALBION PARK RAIL
2527,CALDERWOOD
2527,CROOM
2527,NORTH MACQUARIE
2527,TONGARRA
2527,TULLIMBAR
2527,YELLOW ROCK
2528,BARRACK HEIGHTS
2528,BARRACK POINT
2528,LAKE ILLAWARRA
2528,MOUNT WARRIGAL
2528,WARILLA
2528,WINDANG
2529,BALARANG
2529,BLACKBUTT
2529,DUNMORE
2529,FLINDERS
2529,OAK FLATS
2529,OAK FLATS DC
2529,SHELL COVE
2529,SHELLHARBOUR
2529,SHELLHARBOUR CITY CENTRE
2529,SHELLHARBOUR SQUARE
2530,AVONDALE
2530,BROWNSVILLE
2530,CLEVELAND
2530,DAPTO
2530,DOMBARTON
2530,HAYWARDS BAY
2530,HORSLEY
2530,HUNTLEY
2530,KANAHOOKA
2530,KOONAWARRA
2530,MARSHALL MOUNT
2530,WONGAWILLI
2530,YALLAH
2533,BOMBO
2533,CURRAMORE
2533,JAMBEROO
2533,JERRARA
2533,KIAMA
2533,KIAMA DOWNS
2533,KIAMA HEIGHTS
2533,MINNAMURRA
2533,SADDLEBACK MOUNTAIN
2534,BROUGHTON VILLAGE
2534,FOXGROUND
2534,GERRINGONG
2534,GERROA
2534,ROSE VALLEY
2534,TOOLIJOOA
2534,WERRI BEACH
2534,WILLOW VALE
2535,BACK FOREST
2535,BELLAWONGARAH
2535,BERRY
2535,BERRY MOUNTAIN
2535,BROGERS CREEK
2535,BROUGHTON
2535,BROUGHTON VALE
2535,BUDDEROO
2535,BUNDEWALLAH
2535,COOLANGATTA
2535,FAR MEADOW
2535,JASPERS BRUSH
2535,SHOALHAVEN HEADS
2535,WATTAMOLLA
2535,WOODHILL
2536,BATEHAVEN
2536,BATEMANS BAY
2536,BENANDARAH
2536,BIMBIMBIE
2536,BUCKENBOWRA
2536,CATALINA
2536,CURROWAN
2536,DENHAMS BEACH
2536,DEPOT BEACH
2536,DURRAS NORTH
2536,EAST LYNNE
2536,GUERILLA BAY
2536,JEREMADRA
2536,LILLI PILLI
2536,LONG BEACH
2536,MALONEYS BEACH
2536,MALUA BAY
2536,MERRICUMBENE
2536,MOGO
2536,MURRENGENBURG
2536,NELLIGEN
2536,NORTH BATEMANS BAY
2536,PEBBLY BEACH
2536,ROSEDALE
2536,RUNNYFORD
2536,SOUTH DURRAS
2536,SUNSHINE BAY
2536,SURF BEACH
2536,SURFSIDE
2536,WOODLANDS
2537,BERGALIA
2537,BINGIE
2537,BROULEE
2537,COILA
2537,CONGO
2537,DEUA
2537,DEUA RIVER VALLEY
2537,KIORA
2537,MERINGO
2537,MOGENDOURA
2537,MORUYA
2537,MORUYA HEADS
2537,MOSSY POINT
2537,TOMAKIN
2537,TURLINJAH
2537,TUROSS HEAD
2537,WAMBAN
2538,BROOMAN
2538,LITTLE FOREST
2538,MILTON
2538,MOGOOD
2538,MORTON
2538,PORTERS CREEK
2538,WOODBURN
2538,WOODSTOCK
2539,BAWLEY POINT
2539,BENDALONG
2539,BERRINGER LAKE
2539,BURRILL LAKE
2539,COCKWHY
2539,CONJOLA
2539,CONJOLA PARK
2539,CROOBYAR
2539,CUNJURONG POINT
2539,DOLPHIN POINT
2539,FISHERMANS PARADISE
2539,KINGS POINT
2539,KIOLOA
2539,LAKE CONJOLA
2539,LAKE TABOURIE
2539,MANYANA
2539,MOLLYMOOK
2539,MOLLYMOOK BEACH
2539,MOUNT KINGIMAN
2539,NARRAWALLEE
2539,POINTER MOUNTAIN
2539,PRETTY BEACH
2539,TERMEIL
2539,ULLADULLA
2539,YADBORO
2539,YATTE YATTAH
2540,BAMARANG
2540,BARRINGELLA
2540,BASIN VIEW
2540,BEECROFT PENINSULA
2540,BERRARA
2540,BEWONG
2540,BOLONG
2540,BOOLIJAH
2540,BREAM BEACH
2540,BROWNS MOUNTAIN
2540,BRUNDEE
2540,BUANGLA
2540,BURRIER
2540,CALLALA BAY
2540,CALLALA BEACH
2540,CAMBEWARRA
2540,CAMBEWARRA VILLAGE
2540,COMBERTON
2540,COMERONG ISLAND
2540,CUDMIRRAH
2540,CULBURRA BEACH
2540,CURRARONG
2540,EROWAL BAY
2540,ETTREMA
2540,FALLS CREEK
2540,GREENWELL POINT
2540,HMAS ALBATROSS
2540,HUSKISSON
2540,HYAMS BEACH
2540,ILLAROO
2540,JERRAWANGALA
2540,KINGHORNE
2540,LONGREACH
2540,MAYFIELD
2540,MEROO MEADOW
2540,MONDAYONG
2540,MOOLLATTOO
2540,MUNDAMIA
2540,MYOLA
2540,NOWRA HILL
2540,NOWRA NAVAL PO
2540,NUMBAA
2540,OLD EROWAL BAY
2540,ORIENT POINT
2540,PARMA
2540,PYREE
2540,SANCTUARY POINT
2540,ST GEORGES BASIN
2540,SUSSEX INLET
2540,SWANHAVEN
2540,TALLOWAL
2540,TAPITALLEE
2540,TERARA
2540,TOMERONG
2540,TULLARWALLA
2540,TWELVE MILE PEG
2540,VINCENTIA
2540,WANDANDIAN
2540,WATERSLEIGH
2540,WOLLUMBOOLA
2540,WOOLLAMIA
2540,WORRIGEE
2540,WORROWING HEIGHTS
2540,WRIGHTS BEACH
2540,YALWAL
2540,YERRIYONG
2541,BANGALEE
2541,BOMADERRY
2541,NORTH NOWRA
2541,NOWRA
2541,NOWRA DC
2541,NOWRA EAST
2541,NOWRA NORTH
2541,SOUTH NOWRA
2541,WEST NOWRA
2545,BELOWRA
2545,BODALLA
2545,CADGEE
2545,EUROBODALLA
2545,NERRIGUNDAH
2545,POTATO POINT
2545,STONY CREEK
2546,AKOLELE
2546,BARRAGGA BAY
2546,BEAUTY POINT
2546,BERMAGUI
2546,BERMAGUI SOUTH
2546,CENTRAL TILBA
2546,CORUNNA
2546,CUTTAGEE
2546,DALMENY
2546,DIGNAMS CREEK
2546,GREENDALE
2546,KIANGA
2546,MURRAH
2546,MYSTERY BAY
2546,NAROOMA
2546,NORTH NAROOMA
2546,TILBA TILBA
2546,TINPOT
2546,WADBILLIGA
2546,WALLAGA LAKE
2546,WALLAGA LAKE HEIGHTS
2548,BERRAMBOOL
2548,BOURNDA
2548,MERIMBULA
2548,MIRADOR
2548,TURA BEACH
2548,YELLOW PINCH
2549,BALD HILLS
2549,BROADWATER
2549,GREIGS FLAT
2549,LOCHIEL
2549,MILLINGANDI
2549,NETHERCOTE
2549,PAMBULA
2549,PAMBULA BEACH
2549,SOUTH PAMBULA
2550,ANGLEDALE
2550,BEGA
2550,BEMBOKA
2550,BLACK RANGE
2550,BOURNDA
2550,BROGO
2550,BUCKAJO
2550,BUNGA
2550,BURRAGATE
2550,CANDELO
2550,CHINNOCK
2550,COBARGO
2550,COOLAGOLITE
2550,COOLANGUBRA
2550,COOPERS GULLY
2550,DEVILS HOLE
2550,DOCTOR GEORGE MOUNTAIN
2550,FROGS HOLLOW
2550,GREENDALE
2550,JELLAT JELLAT
2550,KALARU
2550,KAMERUKA
2550,KANOONA
2550,KINGSWOOD
2550,MOGAREEKA
2550,MOGILLA
2550,MORANS CROSSING
2550,MUMBULLA MOUNTAIN
2550,MURRAH
2550,MYRTLE MOUNTAIN
2550,NELSON
2550,NEW BUILDINGS
2550,NUMBUGGA
2550,PERICOE
2550,QUAAMA
2550,REEDY SWAMP
2550,ROCKY HALL
2550,SOUTH WOLUMLA
2550,STONY CREEK
2550,TANJA
2550,TANTAWANGALO
2550,TARRAGANDA
2550,TATHRA
2550,TOOTHDALE
2550,TOWAMBA
2550,VERONA
2550,WALLAGOOT
2550,WANDELLA
2550,WAPENGO
2550,WOG WOG
2550,WOLUMLA
2550,WYNDHAM
2550,YAMBULLA
2550,YANKEES CREEK
2550,YOWRIE
2551,BOYDTOWN
2551,EDEN
2551,EDROM
2551,GREEN CAPE
2551,KIAH
2551,NADGEE
2551,NARRABARBA
2551,NULLICA
2551,NUNGATTA
2551,NUNGATTA SOUTH
2551,TIMBILLICA
2551,WONBOYN
2551,WONBOYN LAKE
2551,WONBOYN NORTH
2555,BADGERYS CREEK
2556,BRINGELLY
2557,CATHERINE FIELD
2557,GLEDSWOOD HILLS
2557,GREGORY HILLS
2557,ROSSMORE
2558,EAGLE VALE
2558,ESCHOL PARK
2558,KEARNS
2559,BLAIRMOUNT
2559,CLAYMORE
2560,AIRDS
2560,AMBARVALE
2560,APPIN
2560,BLAIR ATHOL
2560,BRADBURY
2560,CAMPBELLTOWN
2560,CAMPBELLTOWN NORTH
2560,CATARACT
2560,ENGLORIE PARK
2560,GILEAD
2560,GLEN ALPINE
2560,KENTLYN
2560,LEUMEAH
2560,MACARTHUR SQUARE
2560,ROSEMEADOW
2560,RUSE
2560,ST HELENS PARK
2560,WEDDERBURN
2560,WOODBINE
2563,MENANGLE PARK
2564,GLENQUARIE
2564,LONG POINT
2564,MACQUARIE FIELDS
2565,BARDIA
2565,DENHAM COURT
2565,INGLEBURN
2565,MACQUARIE LINKS
2566,BOW BOWING
2566,MINTO
2566,MINTO DC
2566,MINTO HEIGHTS
2566,RABY
2566,ST ANDREWS
2566,VARROVILLE
2567,CURRANS HILL
2567,HARRINGTON PARK
2567,MOUNT ANNAN
2567,NARELLAN
2567,NARELLAN DC
2567,NARELLAN VALE
2567,SMEATON GRANGE
2568,MENANGLE
2569,DOUGLAS PARK
2570,BELIMBLA PARK
2570,BICKLEY VALE
2570,BROWNLOW HILL
2570,CAMDEN
2570,CAMDEN PARK
2570,CAMDEN SOUTH
2570,CAWDOR
2570,COBBITTY
2570,ELDERSLIE
2570,ELLIS LANE
2570,GLENMORE
2570,GRASMERE
2570,KIRKHAM
2570,LEFEVRES CORNER
2570,MOUNT HUNTER
2570,NATTAI
2570,OAKDALE
2570,ORAN PARK
2570,ORANGEVILLE
2570,SPRING FARM
2570,THE OAKS
2570,THERESA PARK
2570,WEROMBI
2571,BALMORAL
2571,BALMORAL VILLAGE
2571,BUXTON
2571,COURIDJAH
2571,MALDON
2571,MOWBRAY PARK
2571,PICTON
2571,RAZORBACK
2571,WILTON
2572,LAKESLAND
2572,THIRLMERE
2573,TAHMOOR
2574,AVON
2574,BARGO
2574,PHEASANTS NEST
2574,YANDERRA
2575,ALPINE
2575,AYLMERTON
2575,BALACLAVA
2575,BARRALLIER
2575,BRAEMAR
2575,BULLIO
2575,COLO VALE
2575,GOODMANS FORD
2575,HIGH RANGE
2575,HILL TOP
2575,JOADJA
2575,MANDEMAR
2575,MITTAGONG
2575,MOUNT LINDSEY
2575,RENWICK
2575,WATTLE RIDGE
2575,WELBY
2575,WILLOW VALE
2575,WOODLANDS
2575,YERRINBOOL
2576,BONG BONG
2576,BOWRAL
2576,BURRADOO
2576,EAST BOWRAL
2576,EAST KANGALOON
2576,GLENQUARRY
2576,KANGALOON
2577,AVOCA
2577,BARREN GROUNDS
2577,BARRENGARRY
2577,BEAUMONT
2577,BELANGLO
2577,BENDEELA
2577,BERRIMA
2577,BUDGONG
2577,BURRAWANG
2577,CALWALLA
2577,CANYONLEIGH
2577,CARRINGTON FALLS
2577,FITZROY FALLS
2577,KANGAROO VALLEY
2577,KNIGHTS HILL
2577,MACQUARIE PASS
2577,MANCHESTER SQUARE
2577,MEDWAY
2577,MERYLA
2577,MOSS VALE
2577,MOUNT MURRAY
2577,MYRA VALE
2577,NEW BERRIMA
2577,PADDYS RIVER
2577,PHEASANT GROUND
2577,RED ROCKS
2577,ROBERTSON
2577,SUTTON FOREST
2577,UPPER KANGAROO RIVER
2577,UPPER KANGAROO VALLEY
2577,WERAI
2577,WILDES MEADOW
2577,YARRUNGA
2578,BUNDANOON
2579,BIG HILL
2579,BRAYTON
2579,EXETER
2579,MARULAN
2579,MARULAN SOUTH
2579,PENROSE
2579,TALLONG
2579,WINGELLO
2580,BANNABY
2580,BANNISTER
2580,BAW BAW
2580,BOXERS CREEK
2580,BRISBANE GROVE
2580,BUNGONIA
2580,CARRICK
2580,CHATSBURY
2580,CURRAWANG
2580,CURRAWEELA
2580,GOLSPIE
2580,GOULBURN
2580,GOULBURN DC
2580,GOULBURN NORTH
2580,GREENWICH PARK
2580,GUNDARY
2580,JERRONG
2580,KINGSDALE
2580,KOMUNGLA
2580,LAKE BATHURST
2580,LEIGHWOOD
2580,LOWER BORO
2580,MAYFIELD
2580,MCALISTER
2580,MIDDLE ARM
2580,MOUNT FAIRY
2580,MOUNT RAE
2580,MUMMEL
2580,MYRTLEVILLE
2580,PALING YARDS
2580,PARKESBOURNE
2580,POMEROY
2580,QUIALIGO
2580,RICHLANDS
2580,ROSLYN
2580,RUN-O-WATERS
2580,SIX MILE FLAT
2580,SPRING VALLEY
2580,STONEQUARRY
2580,TARAGO
2580,TARALGA
2580,TARLO
2580,TIRRANNAVILLE
2580,TOWRANG
2580,WAYO
2580,WIABOROUGH
2580,WIARBOROUGH
2580,WINDELLAMA
2580,WOMBEYAN CAVES
2580,WOODHOUSELEE
2580,WOWAGIN
2580,YALBRAITH
2580,YARRA
2581,BELLMOUNT FOREST
2581,BEVENDALE
2581,BIALA
2581,BLAKNEY CREEK
2581,BREADALBANE
2581,BROADWAY
2581,COLLECTOR
2581,CULLERIN
2581,DALTON
2581,GUNNING
2581,GURRUNDAH
2581,LADE VALE
2581,LAKE GEORGE
2581,LERIDA
2581,MERRILL
2581,OOLONG
2581,TALLAGANDA
2581,WOLLOGORANG
2582,BANGO
2582,BERREMANGRA
2582,BOAMBOLO
2582,BOOKHAM
2582,BOWNING
2582,BURRINJUCK
2582,CAVAN
2582,DOG TRAP CROSSING
2582,GOOD HOPE
2582,GOONDAH
2582,JEIR
2582,JERRAWA
2582,KANGIARA
2582,LAVERSTOCK
2582,MANTON
2582,MARCHMONT
2582,MULLION
2582,MURRUMBATEMAN
2582,NANANGROE
2582,NANIMA
2582,NARRANGULLEN
2582,TANGMANGAROO
2582,WEE JASPER
2582,WOOLGARLO
2582,YASS
2582,YASS RIVER
2583,BIGGA
2583,BINDA
2583,BLANKET FLAT
2583,BROOKLANDS
2583,COTTAWALLA
2583,CROOKED CORNER
2583,CROOKWELL
2583,FULLERTON
2583,GLENERIN
2583,GRABBEN GULLEN
2583,GREENMANTLE
2583,HADLEY
2583,JUNCTION POINT
2583,KEMPTON
2583,KIALLA
2583,LAGGAN
2583,LIMERICK
2583,LOST RIVER
2583,MULGOWRIE
2583,NARRAWA
2583,PEELWOOD
2583,PEJAR
2583,RUGBY
2583,THALABA
2583,THIRD CREEK
2583,TUENA
2583,WHEEO
2584,BINALONG
2584,ILLALONG CREEK
2585,GALONG
2586,BOOROWA
2586,FROGMORE
2586,GOBA CREEK
2586,GODFREYS CREEK
2586,KENYU
2586,MURRINGO
2586,REIDS FLAT
2586,RYE PARK
2586,TAYLORS FLAT
2587,AURVILLE
2587,BEGGAN BEGGAN
2587,CUNNINGAR
2587,DEMONDRILLE
2587,GARANGULA
2587,HARDEN
2587,KINGSVALE
2587,MCMAHONS REEF
2587,MURRUMBURRAH
2587,NUBBA
2587,PRUNEVALE
2587,WOMBAT
2588,CULLINGA
2588,WALLENDBEEN
2590,BETHUNGRA
2590,COOTAMUNDRA
2590,ILLABO
2594,ASHVILLE
2594,BARWANG
2594,BERTHONG
2594,BRIBBAREE
2594,BULLA CREEK
2594,BURRANGONG
2594,KIKIAMAH
2594,MAIMURU
2594,MEMAGONG
2594,MILVALE
2594,MONTEAGLE
2594,THUDDUNGRA
2594,TUBBUL
2594,WEEDALLION
2594,YANNAWAH
2594,YOUNG
2611,BIMBERI
2611,BRINDABELLA
2611,COOLEMAN
2611,URIARRA
2618,SPRINGRANGE
2618,WALLAROO
2619,JERRABOMBERRA
2620,BURBONG
2620,BURRA
2620,CARWOOLA
2620,CLEAR RANGE
2620,CRESTWOOD
2620,DODSWORTH
2620,ENVIRONA
2620,GOOGONG
2620,GREENLEIGH
2620,GUNDAROO
2620,KARABAR
2620,LETCHWORTH
2620,MICHELAGO
2620,QUEANBEYAN
2620,QUEANBEYAN DC
2620,QUEANBEYAN EAST
2620,QUEANBEYAN WEST
2620,RIDGEWAY
2620,ROYALLA
2620,SUTTON
2620,THE ANGLE
2620,THE RIDGEWAY
2620,TINDERRY
2620,TRALEE
2620,URILA
2620,WAMBOIN
2620,WILLIAMSDALE
2620,YARROW
2621,ANEMBO
2621,BUNGENDORE
2621,BYWONG
2621,FORBES CREEK
2621,HOSKINSTOWN
2621,PRIMROSE VALLEY
2621,ROSSI
2622,ARALUEN
2622,ARALUEN NORTH
2622,BACK CREEK
2622,BALLALABA
2622,BENDOURA
2622,BERLANG
2622,BOMBAY
2622,BORO
2622,BRAIDWOOD
2622,BUDAWANG
2622,BULEE
2622,CHARLEYS FOREST
2622,COOLUMBURRA
2622,CORANG
2622,DURRAN DURRA
2622,ENDRICK
2622,FARRINGDON
2622,GUNDILLION
2622,HAROLDS CROSS
2622,HEREFORD HALL
2622,JEMBAICUMBENE
2622,JERRABATTCULLA
2622,JERRABATTGULLA
2622,JINDEN
2622,JINGERA
2622,KAIN
2622,KINDERVALE
2622,KRAWARREE
2622,LARBERT
2622,MAJORS CREEK
2622,MANAR
2622,MARLOWE
2622,MERRICUMBENE
2622,MONGA
2622,MONGARLOWE
2622,MULLOON
2622,MURRENGENBURG
2622,NERINGLA
2622,NERRIGA
2622,NORTHANGERA
2622,OALLEN
2622,ORANMEIR
2622,PALERANG
2622,QUIERA
2622,REIDSDALE
2622,SASSAFRAS
2622,SNOWBALL
2622,ST GEORGE
2622,TIANJARA
2622,TOLWONG
2622,TOMBOYE
2622,TOUGA
2622,WARRI
2622,WOG WOG
2622,WYANBENE
2623,CAPTAINS FLAT
2624,BLUE COW
2624,CHARLOTTE PASS
2624,CHARLOTTES PASS
2624,GUTHEGA
2624,KOSCIUSKO
2624,MUNYANG
2624,PERISHER VALLEY
2624,SMIGGIN HOLES
2624,WILSONS VALLEY
2625,THREDBO
2625,THREDBO VILLAGE
2626,BREDBO
2626,BUMBALONG
2626,COLINTON
2627,BULLOCKS FLAT
2627,BURRUNGUBUGGE
2627,CRACKENBACK
2627,CREEL BAY
2627,EAST JINDABYNE
2627,GROSSES PLAIN
2627,GUNGARLIN
2627,INGEBIRAH
2627,INGEBYRA
2627,INGEEGOODBEE
2627,JACOBS RIVER
2627,JINDABYNE
2627,KALKITE
2627,KOSCIUSKO
2627,KOSCIUSKO NATIONAL PARK
2627,KOSCIUSZKO
2627,KOSCIUSZKO NATIONAL PARK
2627,LOWER THREDBO
2627,MOONBAH
2627,NGARIGO
2627,PILOT WILDERNESS
2627,SAWPIT CREEK
2628,AVONSIDE
2628,AVONSIDE
2628,BELOKA
2628,BERRIDALE
2628,BRAEMAR BAY
2628,BYADBO WILDERNESS
2628,COOTRALANTRA
2628,DALGETY
2628,EUCUMBENE
2628,HILL TOP
2628,JIMENBUEN
2628,LOWER EUCEMBENE
2628,NIMMO
2628,NUMBLA VALE
2628,PAUPONG
2628,ROCKY PLAIN
2628,SNOWY PLAIN
2629,ADAMINABY
2629,ANGLERS REACH
2629,BOLARO
2629,BROKEN DAM
2629,CABRAMURRA
2629,GOOANDRA
2629,KIANDRA
2629,LONG PLAIN
2629,NUNGAR
2629,OLD ADAMINABY
2629,PROVIDENCE PORTAL
2629,TANTANGARA
2629,TOLBAR
2629,YAOUK
2630,ARABLE
2630,BADJA
2630,BILLILINGRA
2630,BINJURA
2630,BOBUNDARA
2630,BUCKENDERRA
2630,BUNGARBY
2630,BUNYAN
2630,CARLAMINDA
2630,CHAKOLA
2630,COOLRINGDON
2630,COOMA
2630,COOMA NORTH
2630,COONERANG
2630,COUNTEGANY
2630,DAIRYMANS PLAINS
2630,DANGELONG
2630,DRY PLAIN
2630,FRYING PAN
2630,GLEN FERGUS
2630,IRONMUNGY
2630,JERANGLE
2630,JIMENBUEN
2630,LONG PLAIN
2630,MAFFRA
2630,MIDDLE FLAT
2630,MIDDLINGBANK
2630,MURRUMBUCCA
2630,MYALLA
2630,NIMMO
2630,NUMERALLA
2630,PEAK VIEW
2630,PINE VALLEY
2630,POLO FLAT
2630,RHINE FALLS
2630,ROCK FLAT
2630,ROSE VALLEY
2630,SHANNONS FLAT
2630,SPRINGFIELD
2630,THE BROTHERS
2630,TUROSS
2630,WAMBROOK
2631,ANDO
2631,BOCCI
2631,BOCO
2631,CREEWAH
2631,GLEN ALLEN
2631,GREENLANDS
2631,HOLTS FLAT
2631,JIMCUMBILLY
2631,JINCUMBILLY
2631,KYBEYAN
2631,MOUNT COOPER
2631,NIMMITABEL
2631,STEEPLE FLAT
2631,WINIFRED
2632,BIBBENLUKE
2632,BOMBALA
2632,BONDI FOREST
2632,BUKALONG
2632,CAMBALONG
2632,CATHCART
2632,COOLUMBOOKA
2632,CRAIGIE
2632,GUNNINGRAH
2632,LORDS HILL
2632,MERRIANGAAH
2632,MILA
2632,MOUNT DARRAGH
2632,NUNGATTA
2632,PADDYS FLAT
2632,PALARANG
2632,QUIDONG
2632,ROCKTON
2632,ROSEMEATH
2633,CORROWONG
2633,DELEGATE
2633,TOMBONG
2640,ALBURY
2640,BUNGOWANNAH
2640,EAST ALBURY
2640,ETTAMOGAH
2640,GLENROY
2640,LAVINGTON DC
2640,MOORWATHA
2640,NORTH ALBURY
2640,OURNIE
2640,SOUTH ALBURY
2640,SPLITTERS CREEK
2640,TABLE TOP
2640,TALMALMO
2640,THURGOONA
2640,WEST ALBURY
2640,WIRLINGA
2640,WYMAH
2641,HAMILTON VALLEY
2641,LAVINGTON
2641,LAVINGTON DC
2641,SPRINGDALE HEIGHTS
2642,BIDGEEMIA
2642,BROCKLESBY
2642,BURRUMBUTTOCK
2642,GEEHI
2642,GEROGERY
2642,GLENELLEN
2642,GREG GREG
2642,INDI
2642,JAGUMBA
2642,JAGUNGAL WILDERNESS
2642,JINDERA
2642,JINGELLIC
2642,KHANCOBAN
2642,MURRAY GORGE
2642,RAND
2642,TOOMA
2642,WALBUNDRIE
2642,WELAREGANG
2642,WRATHALL
2642,YERONG CREEK
2643,HOWLONG
2644,BOWNA
2644,COPPABELLA
2644,HOLBROOK
2644,LANKEYS CREEK
2644,LITTLE BILLABONG
2644,MOUNTAIN CREEK
2644,MULLENGANDRA
2644,WANTAGONG
2644,WOOMARGAMA
2644,YARARA
2645,COONONG
2645,CULLIVEL
2645,URANA
2645,YULUMA
2646,BALLDALE
2646,BULL PLAIN
2646,BURAJA
2646,COADS TANK
2646,COLLENDINA
2646,COREEN
2646,COROWA
2646,DAYSDALE
2646,GOOMBARGANA
2646,HOPEFIELD
2646,LOWESDALE
2646,MERTON VALE
2646,NYORA
2646,OAKLANDS
2646,REDLANDS
2646,RENNIE
2646,RINGWOOD
2646,SANGER
2646,SAVERNAKE
2647,MULWALA
2648,ANABRANCH NORTH
2648,ANABRANCH SOUTH
2648,BOEILL CREEK
2648,CAL LAL
2648,CURLWAA
2648,ELLERSLIE
2648,MOORARA
2648,MOURQUONG
2648,PALINYEWAH
2648,PAN BAN
2648,PARA
2648,PINE CAMP
2648,POMONA
2648,POONCARIE
2648,RUFUS
2648,RUFUS RIVER
2648,SCOTIA
2648,WENTWORTH
2649,LAUREL HILL
2649,NURENMERENMONG
2650,ALFREDTOWN
2650,ASHMONT
2650,BELFRAYDEN
2650,BERRY JERRY
2650,BIG SPRINGS
2650,BOMEN
2650,BOOK BOOK
2650,BOOROOMA
2650,BORAMBOLA
2650,BOURKELANDS
2650,BRUCEDALE
2650,BULGARY
2650,BURRANDANA
2650,CARABOST
2650,CARTWRIGHTS HILL
2650,COLLINGULLIE
2650,COOKARDINIA
2650,COURSING PARK
2650,CURRAWANANNA
2650,CURRAWARNA
2650,DHULURA
2650,DOWNSIDE
2650,EAST WAGGA WAGGA
2650,ESTELLA
2650,EUBERTA
2650,EUNANOREENYA
2650,EUNONOREENYA
2650,GALORE
2650,GELSTON PARK
2650,GLENFIELD PARK
2650,GOBBAGOMBALIN
2650,GREGADOO
2650,HAREFIELD
2650,HILLGROVE
2650,KOORINGAL
2650,KYEAMBA
2650,LAKE ALBERT
2650,LLOYD
2650,MAXWELL
2650,MOORONG
2650,MOUNT AUSTIN
2650,NORTH WAGGA WAGGA
2650,OBERNE CREEK
2650,OURA
2650,PULLETOP
2650,ROWAN
2650,SAN ISIDORE
2650,SPRINGVALE
2650,TATTON
2650,THE GAP
2650,TOLLAND
2650,TURVEY PARK
2650,WAGGA WAGGA
2650,WAGGA WAGGA BC
2650,WAGGA WAGGA NORTH
2650,WAGGA WAGGA SOUTH
2650,WALLACETOWN
2650,WANTABADGERY
2650,WESTBY
2650,WESTDALE
2650,YARRAGUNDRY
2650,YATHELLA
2651,FOREST HILL
2651,WAGGA WAGGA RAAF
2652,BOORGA
2652,BOREE CREEK
2652,COWABBIE
2652,GALORE
2652,GOOLGOWI
2652,GRONG GRONG
2652,GUMLY GUMLY
2652,HUMULA
2652,LADYSMITH
2652,LANDERVALE
2652,MANGOPLAH
2652,MARRAR
2652,MATONG
2652,MERRIWAGGA
2652,MURRULEBALE
2652,OBERNE
2652,OLD JUNEE
2652,ROSEWOOD
2652,TABBITA
2652,TARCUTTA
2652,URANQUINTY
2653,BURRA
2653,COURABYRA
2653,GLENROY
2653,MANNUS
2653,MARAGLE
2653,MUNDEROO
2653,PADDYS RIVER
2653,TARADALE
2653,TUMBARUMBA
2653,WESTDALE
2653,WILLIGOBUNG
2655,BIRDLIP
2655,FRENCH PARK
2655,KUBURA
2655,THE ROCK
2655,TOOTOOL
2656,BROOKDALE
2656,BROOKONG
2656,FARGUNYAH
2656,LOCKHART
2656,MILBRULONG
2656,OSBORNE
2656,URANGELINE
2656,URANGELINE EAST
2658,GRUBBEN
2658,HENTY
2658,MUNYABLA
2658,PLEASANT HILLS
2658,RYAN
2659,ALMA PARK
2659,WALLA WALLA
2660,CARNSDALE
2660,CULCAIRN
2660,MORVEN
2661,KAPOOKA
2663,BUNDURE
2663,COOBA
2663,COWABBIE
2663,ERIN VALE
2663,EURONGILLY
2663,JUNEE
2663,LANDERVALE
2663,MARINNA
2663,WANTIOOL
2665,ARDLETHAN
2665,ARIAH PARK
2665,BARELLAN
2665,BECKOM
2665,BECTRIC
2665,BINYA
2665,KAMARAH
2665,MIRROOL
2665,MOOMBOOLDOOL
2665,MOUNT CRYSTAL
2665,QUANDARY
2665,TARA
2665,WALLEROOBIE
2666,COMBANING
2666,DIRNASEER
2666,GIDGINBUNG
2666,GROGAN
2666,JUNEE REEFS
2666,MIMOSA
2666,MORANGARELL
2666,NARRABURRA
2666,PUCAWAN
2666,QUANDARY
2666,REEFTON
2666,SEBASTOPOL
2666,SPRINGDALE
2666,TEMORA
2666,TRUNGLEY HALL
2668,BARMEDMAN
2669,BYGALORIE
2669,ERIGOLIA
2669,GIRRAL
2669,GUBBATA
2669,KIKOIRA
2669,MELBERGEN
2669,NARADHAN
2669,NORTH YALGOGRIN
2669,RANKINS SPRINGS
2669,TALLIMBA
2669,TULLIBIGEAL
2669,UNGARIE
2669,WEETHALLE
2669,WEJA
2669,YADDRA
2671,ALLEENA
2671,BACK CREEK
2671,BURCHER
2671,LAKE COWAL
2671,NORTH YALGOGRIN
2671,WEST WYALONG
2671,WYALONG
2672,BURGOONEY
2672,CURLEW WATERS
2672,LAKE CARGELLIGO
2672,MURRIN BRIDGE
2672,WARGAMBEGAL
2675,HILLSTON
2675,LAKE BREWSTER
2675,MONIA GAP
2675,ROTO
2675,WALLANTHERY
2675,WHITE TOP
2678,CHARLES STURT UNIVERSITY
2678,RIVERINA MC
2678,RIVERINA MSC
2680,BEELBANGERA
2680,BENEREMBAH
2680,BILBUL
2680,GRIFFITH
2680,GRIFFITH DC
2680,GRIFFITH EAST
2680,HANWOOD
2680,KOOBA
2680,LAKE WYANGAN
2680,NERICON
2680,THARBOGANG
2680,WARBURN
2680,WARRAWIDGEE
2680,WIDGELLI
2680,WILLBRIGGIE
2680,YOOGALI
2681,MYALL PARK
2681,YENDA
2700,BIRREGO
2700,BUNDURE
2700,COLINROOBIE
2700,COROBIMILLA
2700,CUDGEL
2700,EUROLEY
2700,FAITHFULL
2700,GILLENBAH
2700,KYWONG
2700,MORUNDAH
2700,NARRANDERA
2700,PAYNTERS SIDING
2700,SANDIGO
2700,UROLY
2700,WIDGIEWA
2701,BERRY JERRY
2701,COOLAMON
2701,METHUL
2701,RANNOCK
2701,TOOYAL
2702,GANMAIN
2703,YANCO
2705,BROBENAH
2705,CALORAFIELD
2705,CORBIE HILL
2705,GOGELDRIE
2705,LEETON
2705,MERUNGLE HILL
2705,MURRAMI
2705,STANBRIDGE
2705,WAMOON
2705,WHITTON
2706,DARLINGTON POINT
2707,ARGOON
2707,COLEAMBALLY
2708,ALBURY MSC
2708,MURRAY REGION MC
2710,BARRATTA
2710,BENARCA
2710,BIRGANBIGIL
2710,BOOROORBAN
2710,BRASSI
2710,BULLATALE
2710,CALDWELL
2710,CALIMO
2710,CONARGO
2710,COREE
2710,CORNALLA
2710,DENILIQUIN
2710,DENILIQUIN NORTH
2710,GULPA
2710,HARTWOOD
2710,HILL PLAIN
2710,JIMARINGLE
2710,LINDIFFERON
2710,MATHOURA
2710,MAYRUNG
2710,MOIRA
2710,MOONAHCULLAH
2710,MOONBRIA
2710,MORAGO
2710,PRETTY PINE
2710,STEAM PLAINS
2710,STUD PARK
2710,WAKOOL
2710,WANDOOK
2710,WANGANELLA
2710,WARRAGOON
2710,WILLURAH
2710,YALLAKOOL
2711,BOOLIGAL
2711,CARRATHOOL
2711,CLARE
2711,CORRONG
2711,GUNBAR
2711,HAY
2711,HAY SOUTH
2711,KERI KERI
2711,MAUDE
2711,ONE TREE
2711,OXLEY
2711,WAUGORAH
2711,YANGA
2712,BERRIGAN
2712,BOOMANOOMANA
2713,BLIGHTY
2713,FINLEY
2713,LOGIE BRAE
2713,MYRTLE PARK
2713,RETREAT
2714,ARATULA
2714,PINE LODGE
2714,TOCUMWAL
2714,TUPPAL
2715,ARUMPO
2715,BALRANALD
2715,HATFIELD
2715,KYALITE
2715,MUNGO
2715,PENARIE
2715,THE VALE
2716,COREE SOUTH
2716,FOUR CORNERS
2716,GALA VALE
2716,JERILDERIE
2716,MABINS WELL
2716,MAIRJIMMY
2717,COOMEALLA
2717,DARETON
2720,ARGALONG
2720,BLOWERING
2720,BOGONG PEAKS WILDERNESS
2720,BOMBOWLEE
2720,BOMBOWLEE CREEK
2720,BUDDONG
2720,COURAGAGO
2720,COURAJAGO
2720,GADARA
2720,GILMORE
2720,GOCUP
2720,GOOBARRAGANDRA
2720,JONES BRIDGE
2720,KILLIMICAT
2720,LACMALAC
2720,LITTLE RIVER
2720,MIDWAY
2720,MINJARY
2720,MUNDONGO
2720,PINBEYAN
2720,RED HILL
2720,TALBINGO
2720,TUMORRAMA
2720,TUMUT
2720,TUMUT PLAINS
2720,WEREBOLDERA
2720,WERMATONG
2720,WINDOWIE
2720,WYANGLE
2720,YARRANGOBILLY
2721,BLAND
2721,QUANDIALLA
2722,BONGALONG
2722,BONGONGALONG
2722,BRUNGLE
2722,BRUNGLE CREEK
2722,BURRA
2722,BURRA CREEK
2722,DARBALARA
2722,EDWARDSTOWN
2722,GUNDAGAI
2722,JACKALASS
2722,JONES CREEK
2722,MUTTAMA
2722,NANGUS
2722,RENO
2722,SOUTH GUNDAGAI
2722,TARRABANDRA
2722,WAGRAGOBILLY
2722,WILLIE PLOMA
2725,STOCKINBINGAL
2726,BUNDARBO
2726,COONEYS CREEK
2726,JUGIONG
2727,ADJUNGBILLY
2727,COOLAC
2727,GOBARRALONG
2727,MINGAY
2729,ADELONG
2729,BACK CREEK
2729,BANGADANG
2729,BLACK CREEK
2729,CALIFAT
2729,COOLEYS CREEK
2729,DARLOW
2729,ELLERSLIE
2729,GRAHAMSTOWN
2729,MOUNT ADRAH
2729,MOUNT HOREB
2729,MUNDARLO
2729,SANDY GULLY
2729,SHARPS CREEK
2729,THE GROVE
2729,TUMBLONG
2729,WESTWOOD
2729,WONDALGA
2729,YAVEN CREEK
2730,BAGO
2730,BATLOW
2730,GREEN HILLS
2730,KUNAMA
2730,LOWER BAGO
2731,BUNNALOO
2731,MOAMA
2731,TANTONAN
2731,THYRA
2731,WOMBOOTA
2732,BARHAM
2732,BURRABOI
2732,COBRAMUNGA
2732,GONN
2732,NOORONG
2732,THULE
2732,TULLAKOOL
2733,DHURAGOON
2733,MOULAMEIN
2733,NIEMUR
2733,PEREKERTEN
2734,COOBOOL
2734,CUNNINYEUK
2734,DILPURRA
2734,KYALITE
2734,MALLAN
2734,MELLOOL
2734,MOOLPA
2734,MURRAY DOWNS
2734,NACURRIE
2734,SPEEWA ISLAND
2734,STONY CROSSING
2734,TOORANIE
2734,TUELOGA
2734,WETUPPA
2735,KORALEIGH
2735,SPEEWA
2736,GOODNIGHT
2736,TOOLEYBUC
2737,BENANEE
2737,EUSTON
2738,GOL GOL
2738,MALLEE
2738,MONAK
2738,PARINGI
2738,TRENTHAM CLIFFS
2739,BOEILL CREEK
2739,BURONGA
2739,MOURQUONG
2745,GLENMORE PARK
2745,GREENDALE
2745,LUDDENHAM
2745,MULGOA
2745,REGENTVILLE
2745,WALLACIA
2747,CADDENS
2747,CAMBRIDGE GARDENS
2747,CAMBRIDGE PARK
2747,CLAREMONT MEADOWS
2747,JORDAN SPRINGS
2747,KINGSWOOD
2747,LLANDILO
2747,SHANE PARK
2747,SHANES PARK
2747,WERRINGTON
2747,WERRINGTON COUNTY
2747,WERRINGTON DOWNS
2748,ORCHARD HILLS
2749,CASTLEREAGH
2749,CRANEBROOK
2750,EMU HEIGHTS
2750,EMU PLAINS
2750,JAMISONTOWN
2750,LEONAY
2750,PENRITH
2750,PENRITH PLAZA
2750,PENRITH SOUTH
2750,SOUTH PENRITH
2751,PENRITH
2752,SILVERDALE
2752,WARRAGAMBA
2753,AGNES BANKS
2753,BOWEN MOUNTAIN
2753,GROSE VALE
2753,GROSE WOLD
2753,HOBARTVILLE
2753,LONDONDERRY
2753,RICHMOND
2753,RICHMOND LOWLANDS
2753,YARRAMUNDI
2754,NORTH RICHMOND
2754,TENNYSON
2754,THE SLOPES
2756,BLIGH PARK
2756,CATTAI
2756,CENTRAL COLO
2756,CLARENDON
2756,COLO
2756,COLO HEIGHTS
2756,CORNWALLIS
2756,CUMBERLAND REACH
2756,EBENEZER
2756,FREEMANS REACH
2756,GLOSSODIA
2756,LEETS VALE
2756,LOWER PORTLAND
2756,MAROOTA
2756,MCGRATHS HILL
2756,MELLONG
2756,MULGRAVE
2756,PITT TOWN
2756,PITT TOWN BOTTOMS
2756,SACKVILLE
2756,SACKVILLE NORTH
2756,SCHEYVILLE
2756,SOUTH MAROOTA
2756,SOUTH WINDSOR
2756,UPPER COLO
2756,WILBERFORCE
2756,WINDSOR
2756,WINDSOR DOWNS
2756,WOMERAH
2757,KURMOND
2758,BERAMBING
2758,BILPIN
2758,BLAXLANDS RIDGE
2758,EAST KURRAJONG
2758,KURRAJONG
2758,KURRAJONG HEIGHTS
2758,KURRAJONG HILLS
2758,MOUNT TOMAH
2758,MOUNTAIN LAGOON
2758,THE DEVILS WILDERNESS
2758,WHEENY CREEK
2759,ERSKINE PARK
2759,ST CLAIR
2760,COLYTON
2760,NORTH ST MARYS
2760,OXLEY PARK
2760,ROPES CROSSING
2760,ST MARYS
2760,ST MARYS EAST
2760,ST MARYS SOUTH
2761,COLEBEE
2761,DEAN PARK
2761,GLENDENNING
2761,GLENDENNING DC
2761,HASSALL GROVE
2761,OAKHURST
2761,PLUMPTON
2762,SCHOFIELDS
2762,TALLAWONG
2763,ACACIA GARDENS
2763,NIRIMBA FIELDS
2763,QUAKERS HILL
2765,ANGUS
2765,BERKSHIRE PARK
2765,BOX HILL
2765,GABLES
2765,GRANTHAM FARM
2765,MARAYLYA
2765,MARSDEN PARK
2765,MELONBA
2765,NELSON
2765,OAKVILLE
2765,RICHARDS
2765,RIVERSTONE
2765,VINEYARD
2766,EASTERN CREEK
2766,ROOTY HILL
2767,BUNGARRIBEE
2767,DOONSIDE
2767,WOODCROFT
2768,GLENWOOD
2768,PARKLEA
2768,STANHOPE GARDENS
2769,THE PONDS
2770,BIDWILL
2770,BLACKETT
2770,DHARRUK
2770,EMERTON
2770,HEBERSHAM
2770,LETHBRIDGE PARK
2770,MINCHINBURY
2770,MOUNT DRUITT
2770,MOUNT DRUITT VILLAGE
2770,SHALVEY
2770,TREGEAR
2770,WHALAN
2770,WILLMOT
2773,GLENBROOK
2773,LAPSTONE
2774,BLAXLAND
2774,BLAXLAND EAST
2774,MOUNT RIVERVIEW
2774,WARRIMOO
2775,CENTRAL MACDONALD
2775,FERNANCES
2775,GUNDERMAN
2775,HIGHER MACDONALD
2775,LAUGHTONDALE
2775,LEETS VALE
2775,LOWER HAWKESBURY
2775,LOWER MACDONALD
2775,MARLOW
2775,MOGO CREEK
2775,PERRYS CROSSING
2775,SINGLETONS MILL
2775,SPENCER
2775,ST ALBANS
2775,UPPER MACDONALD
2775,WEBBS CREEK
2775,WISEMANS FERRY
2775,WRIGHTS CREEK
2776,FAULCONBRIDGE
2777,HAWKESBURY HEIGHTS
2777,SPRINGWOOD
2777,SUN VALLEY
2777,VALLEY HEIGHTS
2777,WINMALEE
2777,YELLOW ROCK
2778,LINDEN
2778,WOODFORD
2779,HAZELBROOK
2780,KATOOMBA
2780,KATOOMBA DC
2780,LEURA
2780,MEDLOW BATH
2780,YOSEMITE
2782,WENTWORTH FALLS
2783,LAWSON
2784,BULLABURRA
2785,BLACKHEATH
2785,MEGALONG
2785,MEGALONG VALLEY
2785,SHIPLEY
2786,BELL
2786,DARGAN
2786,MOUNT IRVINE
2786,MOUNT VICTORIA
2786,MOUNT WILSON
2787,BLACK SPRINGS
2787,CHATHAM VALLEY
2787,DUCKMALOI
2787,EDITH
2787,ESSINGTON
2787,GINGKIN
2787,GURNANG
2787,HAZELGROVE
2787,JAUNTER
2787,KANANGRA
2787,MAYFIELD
2787,MOUNT OLIVE
2787,MOUNT WERONG
2787,MOZART
2787,NORWAY
2787,OBERON
2787,PORTERS RETREAT
2787,SHOOTERS HILL
2787,TARANA
2787,THE MEADOWS
2787,YERRANDERIE
2790,BEN BULLEN
2790,BLACKMANS FLAT
2790,BOWENFELS
2790,CLARENCE
2790,CLARENCE
2790,COBAR PARK
2790,CORNEY TOWN
2790,CULLEN BULLEN
2790,DOCTORS GAP
2790,GANBENANG
2790,GOOD FOREST
2790,HAMPTON
2790,HARTLEY
2790,HARTLEY VALE
2790,HASSANS WALLS
2790,HERMITAGE FLAT
2790,JENOLAN
2790,JENOLAN CAVES
2790,KANIMBLA
2790,LIDSDALE
2790,LITHGOW
2790,LITHGOW DC
2790,LITTLE HARTLEY
2790,LITTLETON
2790,LOWTHER
2790,MARRANGAROO
2790,MCKELLARS PARK
2790,MORTS ESTATE
2790,MOUNT LAMBIE
2790,NEWNES
2790,NEWNES PLATEAU
2790,OAKEY PARK
2790,OAKY PARK
2790,POTTERY ESTATE
2790,RYDAL
2790,SHEEDYS GULLY
2790,SODWALLS
2790,SOUTH BOWENFELS
2790,SOUTH LITTLETON
2790,SPRINGVALE
2790,STATE MINE GULLY
2790,VALE OF CLWYDD
2790,WOLGAN VALLEY
2790,WOLLANGAMBE
2791,CARCOAR
2791,ERROWANBANG
2792,BURNT YARDS
2792,MANDURAMA
2793,DARBYS FALLS
2793,MOUNT MCDONALD
2793,ROSEBERG
2793,WOODSTOCK
2794,BUMBALDRY
2794,COWRA
2794,HOVELLS CREEK
2794,MOUNT COLLINS
2794,NOONBINNA
2794,WATTAMONDARA
2794,WESTVILLE
2795,ABERCROMBIE
2795,ABERCROMBIE RIVER
2795,ARKELL
2795,ARKSTONE
2795,BALD RIDGE
2795,BALLYROE
2795,BATHAMPTON
2795,BATHURST
2795,BATHURST WEST
2795,BILLYWILLINGA
2795,BOX RIDGE
2795,BREWONGLE
2795,BRUINBUN
2795,BURRAGA
2795,CALOOLA
2795,CHARLES STURT UNIVERSITY
2795,CHARLTON
2795,CLEAR CREEK
2795,COLO
2795,COPPERHANNIA
2795,COW FLAT
2795,CRUDINE
2795,CURRAGH
2795,DARK CORNER
2795,DOG ROCKS
2795,DUNKELD
2795,DURAMANA
2795,EGLINTON
2795,ESSINGTON
2795,EVANS PLAINS
2795,FITZGERALDS VALLEY
2795,FOREST GROVE
2795,FOSTERS VALLEY
2795,FREEMANTLE
2795,GARTHOWEN
2795,GEMALLA
2795,GEORGES PLAINS
2795,GILMANDYKE
2795,GLANMIRE
2795,GORMANS HILL
2795,GOWAN
2795,HOBBYS YARDS
2795,ISABELLA
2795,JEREMY
2795,JUDDS CREEK
2795,KELSO
2795,KILLONGBUTTA
2795,KIRKCONNELL
2795,LAFFING WATERS
2795,LIMEKILNS
2795,LLANARTH
2795,LOCKSLEY
2795,MEADOW FLAT
2795,MILKERS FLAT
2795,MILLAH MURRAH
2795,MITCHELL
2795,MOORILDA
2795,MOUNT DAVID
2795,MOUNT PANORAMA
2795,MOUNT RANKIN
2795,NAPOLEON REEF
2795,NEWBRIDGE
2795,OCONNELL
2795,OCONNELL
2795,O'CONNELL
2795,ORTON PARK
2795,PALING YARDS
2795,PALMERS OAKY
2795,PEEL
2795,PERTHVILLE
2795,RAGLAN
2795,ROBIN HILL
2795,ROCK FOREST
2795,ROCKLEY
2795,ROCKLEY MOUNT
2795,SOFALA
2795,SOUTH BATHURST
2795,STEWARTS MOUNT
2795,SUNNY CORNER
2795,TAMBAROORA
2795,TANNAS MOUNT
2795,THE LAGOON
2795,THE ROCKS
2795,TRIANGLE FLAT
2795,TRUNKEY
2795,TRUNKEY CREEK
2795,TURONDALE
2795,TWENTY FORESTS
2795,UPPER TURON
2795,WALANG
2795,WAMBOOL
2795,WATTLE FLAT
2795,WATTON
2795,WEST BATHURST
2795,WHITE ROCK
2795,WIAGDON
2795,WIMBLEDON
2795,WINBURNDALE
2795,WINDRADYNE
2795,WISEMANS CREEK
2795,YARRAS
2795,YETHOLME
2797,GARLAND
2797,LYNDHURST
2798,BENEREE
2798,BYNG
2798,FLYERS CREEK
2798,FOREST REEFS
2798,GUYONG
2798,MILLTHORPE
2798,SPRING TERRACE
2798,TALLWOOD
2799,BARRY
2799,BLAYNEY
2799,BROWNS CREEK
2799,FITZGERALDS MOUNT
2799,KINGS PLAINS
2799,NEVILLE
2799,VITTORIA
2800,AMMERDOWN
2800,BELGRAVIA
2800,BLETCHINGTON
2800,BLOOMFIELD
2800,BOREE
2800,BORENORE
2800,BOWEN
2800,BYNG
2800,CADIA
2800,CALARE
2800,CANOBOLAS
2800,CARGO
2800,CHEESEMANS CREEK
2800,CLERGATE
2800,CLIFTON GROVE
2800,CRANBURY
2800,CULLYA
2800,EMU SWAMP
2800,FOUR MILE CREEK
2800,GLENROI
2800,HUNTLEY
2800,KALEENTHA
2800,KANGAROOBIE
2800,KERRS CREEK
2800,LEWIS PONDS
2800,LIDSTER
2800,LONG POINT
2800,LOWER LEWIS PONDS
2800,LUCKNOW
2800,MARCH
2800,MULLION CREEK
2800,NARRAMBLA
2800,NASHDALE
2800,OPHIR
2800,ORANGE
2800,ORANGE DC
2800,ORANGE EAST
2800,ORANGE MOULDER STREET
2800,PANUARA
2800,PINNACLE
2800,SHADFORTH
2800,SPRING CREEK
2800,SPRING HILL
2800,SPRINGSIDE
2800,SUMA PARK
2800,SUMMER HILL
2800,SUMMER HILL CREEK
2800,TOWAC
2800,WALDEGRAVE
2800,WARRENDINE
2800,WINDERA
2803,BENDICK MURRELL
2803,CROWTHER
2803,WIRRIMAH
2804,BILLIMARI
2804,BURDETT
2804,CANOWINDRA
2804,MOORBEL
2804,NYRANG CREEK
2805,GOOLOOGONG
2806,EUGOWRA
2806,NANAMI
2806,TRAJERE
2807,KOORAWATHA
2808,WYANGALA
2809,GREENETHORPE
2810,BIMBI
2810,CARAGABAL
2810,GLENELG
2810,GRENFELL
2810,PINEY RANGE
2810,PINNACLE
2810,PULLABOOKA
2810,WARRADERRY
2817,TONDERBURINE
2817,TOORAWEENAH
2818,BENOLONG
2818,GEURIE
2818,PONTO
2818,TERRABELLA
2820,APSLEY
2820,ARTHURVILLE
2820,BAKERS SWAMP
2820,BODANGORA
2820,COMOBELLA
2820,CURRA CREEK
2820,DRIPSTONE
2820,FARNHAM
2820,GOLLAN
2820,LAKE BURRENDONG
2820,MARYVALE
2820,MEDWAY
2820,MONTEFIORES
2820,MOOKERAWA
2820,MOUNT AQUILA
2820,MOUNT ARTHUR
2820,MUMBIL
2820,NANIMA
2820,NEUREA
2820,NORTH YEOVAL
2820,SPICERS CREEK
2820,STUART TOWN
2820,SUNTOP
2820,WALMER
2820,WELLINGTON
2820,WUULUMAN
2820,YARRAGAL
2821,BURROWAY
2821,NARROMINE
2821,WYANGA
2822,BALLADORAN
2822,EUMUNGERIE
2823,BUNDEMAR
2823,CATHUNDRAL
2823,DANDALOO
2823,GIN GIN
2823,TRANGIE
2824,BEEMUNNEL
2824,BULLAGREEN
2824,EENAWEENA
2824,MARTHAGUY
2824,MOUNT FOSTER
2824,MOUNT HARRIS
2824,MUMBLEBONE PLAIN
2824,OXLEY
2824,PIGEONBAH
2824,PINE CLUMP
2824,RAVENSWOOD
2824,RED HILL
2824,SNAKES PLAIN
2824,TENANDRA
2824,WARREN
2825,BABINDA
2825,BOGAN
2825,BUDDABADAH
2825,CANONBA
2825,HONEYBUGLE
2825,MIANDETTA
2825,MULLA
2825,MULLENGUDGERY
2825,MURRAWOMBIE
2825,NYNGAN
2825,PANGEE
2825,WARRIGAL
2826,BOGAN
2826,NEVERTIRE
2827,BEARBONG
2827,BIDDON
2827,BREELONG
2827,COLLIE
2827,CURBAN
2827,GILGANDRA
2827,MERRIGAL
2828,ARMATREE
2828,BLACK HOLLOW
2828,BOURBAH
2828,GULARGAMBONE
2828,MOUNT TENANDRA
2828,QUANDA
2828,TONDERBURINE
2828,WARRUMBUNGLE
2829,BILLEROY
2829,COMBARA
2829,CONIMBIA
2829,COONAMBLE
2829,GILGOOMA
2829,GUNGALMAN
2829,MAGOMETON
2829,NEBEA
2829,PINE GROVE
2829,TERIDGERIE
2829,TOOLOON
2829,URAWILKIE
2829,WINGADEE
2830,BALLIMORE
2830,BARBIGAL
2830,BENI
2830,BOOTHENBA
2830,BROCKLEHURST
2830,CUMBOOGLE
2830,DELROY GARDENS
2830,DICKYGUNDI
2830,DUBBO
2830,DUBBO DC
2830,DUBBO EAST
2830,DUBBO GROVE
2830,DUBBO WEST
2830,ESCHOL
2830,EULOMOGO
2830,GOONOO FOREST
2830,KICKABIL
2830,MANERA HEIGHTS
2830,MINORE
2830,MOGRIGUY
2830,MURONBUNG
2830,ORANA HEIGHTS
2830,RAWSONVILLE
2830,TALBRAGAR
2830,TERRAMUNGAMINE
2830,TOONGI
2830,TROY JUNCTION
2830,WAMBANGALANG
2830,WHYLANDRA CROSSING
2831,ARMATREE
2831,BALLADORAN
2831,BRENDA
2831,BULLAGREEN
2831,BYROCK
2831,CARINDA
2831,COOLABAH
2831,ELONG ELONG
2831,EUMUNGERIE
2831,GEURIE
2831,GIRILAMBONE
2831,GOODOOGA
2831,HERMIDALE
2831,MACQUARIE MARSHES
2831,MERRYGOEN
2831,MURIEL
2831,NEILREX
2831,NEVERTIRE
2831,NUBINGERIE
2831,NYMAGEE
2831,PINE CLUMP
2831,PONTO
2831,QUAMBONE
2831,TERRABELLA
2831,THE MARRA
2831,TOORAWEENAH
2831,WESTELLA
2831,WONGARBON
2832,ANGLEDOOL
2832,BOOROOMA
2832,BULYEROI
2832,COME BY CHANCE
2832,CRYON
2832,CUMBORAH
2832,GRAWIN OPAL FIELDS
2832,WALGETT
2833,COLLARENEBRI
2834,ANGLEDOOL
2834,LIGHTNING RIDGE
2835,BULLA
2835,CANBELEGO
2835,COBAR
2835,CUBBA
2835,GILGUNNIA
2835,IRYMPLE
2835,KERRIGUNDI
2835,KULWIN
2835,LERIDA
2835,NOONA
2835,SANDY CREEK
2835,TINDAREY
2836,GEMVILLE
2836,WHITE CLIFFS
2836,WILCANNIA
2838,GOODOOGA
2839,BREWARRINA
2839,COLLERINA
2839,GONGOLGON
2839,NARRAN LAKE
2839,TALAWANTA
2839,WEILMORINGLE
2840,BARRINGUN
2840,BOURKE
2840,ENNGONIA
2840,FORDS BRIDGE
2840,GUMBALIE
2840,GUNDERBOOKA
2840,HUNGERFORD
2840,LOUTH
2840,NORTH BOURKE
2840,TILPA
2840,URISINO
2840,WANAARING
2840,YANTABULLA
2842,MENDOORAN
2842,MOLLYAN
2842,NEW MOLLYAN
2842,YARRAGRIN
2843,COOLAH
2844,BIRRIWA
2844,COBBORA
2844,DUNEDOO
2844,LEADVILLE
2845,ANGUS PLACE
2845,WALLERAWANG
2846,AIRLY
2846,CAPERTEE
2846,GLEN DAVIS
2846,KANGAROO FLAT
2846,ROUND SWAMP
2847,PIPERS FLAT
2847,PORTLAND
2848,BROGANS CREEK
2848,CHARBON
2848,CLANDULLA
2848,KANDOS
2849,BOGEE
2849,BREAKFAST CREEK
2849,BUDDEN
2849,BYLONG
2849,CAMBOON
2849,CARWELL
2849,COGGAN
2849,COXS CREEK
2849,COXS CROWN
2849,DABEE
2849,DUNGEREE
2849,DUNVILLE LOOP
2849,GINGHI
2849,GLEN ALICE
2849,GROWEE
2849,KELGOOLA
2849,LEE CREEK
2849,MOUNT MARSDEN
2849,MURRUMBO
2849,NULLO MOUNTAIN
2849,OLINDA
2849,PINNACLE SWAMP
2849,PYANGLE
2849,REEDY CREEK
2849,RYLSTONE
2849,UPPER BYLONG
2849,UPPER GROWEE
2849,UPPER NILE
2849,WIRRABA
2850,AARONS PASS
2850,APPLE TREE FLAT
2850,AVISFORD
2850,BARA
2850,BARIGAN
2850,BEN BUCKLEY
2850,BOCOBLE
2850,BOMBIRA
2850,BOTOBOLAR
2850,BUCKAROO
2850,BUDGEE BUDGEE
2850,BURRUNDULLA
2850,CAERLEON
2850,CANADIAN LEAD
2850,CARCALGONG
2850,COLLINGWOOD
2850,COOKS GAP
2850,COOYAL
2850,CROSS ROADS
2850,CUDGEGONG
2850,CULLENBONE
2850,CUMBO
2850,ERUDGERE
2850,EURUNDEREE
2850,FROG ROCK
2850,GALAMBINE
2850,GLEN AYR
2850,GRATTAI
2850,GREEN GULLY
2850,GULGAMREE
2850,HARGRAVES
2850,HAVILAH
2850,HAYES GAP
2850,HILL END
2850,HOME RULE
2850,ILFORD
2850,KAINS FLAT
2850,LINBURN
2850,LONG CREEK
2850,LUE
2850,MAITLAND BAR
2850,MENAH
2850,MEROO
2850,MILLSVILLE
2850,MILROY
2850,MOGO
2850,MONIVAE
2850,MOOLARBEN
2850,MOUNT FROME
2850,MOUNT KNOWLES
2850,MUDGEE
2850,MULLAMUDDY
2850,MUNGHORN
2850,MURRAGAMBA
2850,PIAMBONG
2850,PUTTA BUCCA
2850,PYRAMUL
2850,QUEENS PINCH
2850,RIVERLEA
2850,RUNNING STREAM
2850,SALLYS FLAT
2850,SPRING FLAT
2850,ST FILLANS
2850,STONY CREEK
2850,TAMBAROORA
2850,TICHULAR
2850,TOTNES VALLEY
2850,TRIAMBLE
2850,TURILL
2850,TWELVE MILE
2850,ULAN
2850,ULLAMALLA
2850,WILBETREE
2850,WILPINJONG
2850,WINDEYER
2850,WOLLAR
2850,WORLDS END
2850,YARRABIN
2850,YARRAWONGA
2852,BARNEYS REEF
2852,BERYL
2852,BIRAGANBIL
2852,BUNGABA
2852,COPE
2852,CUMBANDRY
2852,GOOLMA
2852,GULGONG
2852,GUNTAWANG
2852,MEBUL
2852,MEROTHERIE
2852,STUBBO
2852,TALLAWANG
2852,TWO MILE FLAT
2864,BOREE
2864,BOWAN PARK
2864,CUDAL
2864,MURGA
2864,TOOGONG
2865,BOCOBRA
2865,GUMBLE
2865,MANILDRA
2866,AMAROO
2866,BOOMEY
2866,CUNDUMBUL
2866,EUCHAREENA
2866,GARRA
2866,LARRAS LEE
2866,MOLONG
2866,THE SHADES
2866,WARNECLIFFE
2867,BALDRY
2867,CUMNOCK
2867,EURIMBLA
2867,EURIMBULA
2867,LOOMBAH
2867,YULLUNDRY
2868,BOURNEWOOD
2868,NORTH YEOVAL
2868,OBLEY
2868,YEOVAL
2869,MUNGERY
2869,PEAK HILL
2869,TOMINGLEY
2869,TREWILGA
2870,ALECTOWN
2870,BEARGAMIL
2870,BINDOGUNDRA
2870,BROLGAN
2870,BUMBERRY
2870,COOKAMIDGERA
2870,COOKS MYALLS
2870,DAROOBALGIE
2870,GOOBANG
2870,GOONUMBLA
2870,KADINA
2870,MANDAGERY
2870,MICKIBRI
2870,MUGINCOBLE
2870,NANARDINE
2870,PARKES
2870,PARKESBOROUGH
2870,SHALLOW RUSH
2870,TICHBORNE
2871,BANDON
2871,BEDGERABONG
2871,BEDGEREBONG
2871,BUNDABURRAH
2871,CALARIE
2871,CARRAWABBITY
2871,CORINELLA
2871,CUMBIJOWA
2871,FAIRHOLME
2871,FORBES
2871,GAREMA
2871,GRAWLIN
2871,GUNNING GAP
2871,JEMALONG
2871,MULYANDRY
2871,OOMA
2871,PAYTENS BRIDGE
2871,WARROO
2871,WEELONG
2871,WIRRINYA
2871,YARRAGONG
2873,ALBERT
2873,FIVE WAYS
2873,LANSDALE
2873,MIAMLEY
2873,TOTTENHAM
2874,TULLAMORE
2874,YETHERA
2875,BRUIE PLAINS
2875,FIFIELD
2875,OOTHA
2875,THE TROFFS
2875,TRUNDLE
2875,YARRABANDAI
2876,BOGAN GATE
2876,BOTFIELDS
2876,GUNNING GAP
2876,GUNNINGBLAND
2876,NELUNGALOO
2877,BOBADAH
2877,BOONA MOUNT
2877,CONDOBOLIN
2877,DERRIWONG
2877,EREMERANG
2877,EUABALONG
2877,EUABALONG WEST
2877,GILGUNNIA
2877,KIACATOO
2877,MILBY
2877,MOUNT HOPE
2877,MULGUTHRIE
2878,BEILPAJAH
2878,CONOBLE
2878,IVANHOE
2878,MANARA
2878,MOSSGIEL
2878,TRIDA
2879,COPI HOLLOW
2879,MENINDEE
2879,SUNSET STRIP
2880,BROKEN HILL
2880,BROKEN HILL NORTH
2880,BROKEN HILL WEST
2880,BROUGHAMS GATE
2880,BURNS
2880,CAMERON CORNER
2880,EURIOWIE
2880,FOWLERS GAP
2880,KINALUNG
2880,LITTLE TOPAR
2880,MILPARINKA
2880,MOUNT GIPPS
2880,MUTAWINTJI
2880,PACKSADDLE
2880,SILVERTON
2880,SOUTH BROKEN HILL
2880,STEPHENS CREEK
2880,TIBOOBURRA
2890,AUSTRALIAN DEFENCE FORCES
2890,FORCES
2891,INTERNATIONAL MC
2891,SYDNEY GATEWAY FACILITY
2898,LORD HOWE ISLAND
2899,NORFOLK ISLAND